dataset,agent,training_seed,role,horizon,examples,accuracy,diagnostic_token_f1,diagnostic_exact_match,locomo_official_qa_score,metrics_file
synthetic,vanilla,,baseline,100,300,0.0,,,,raw/jobs/main/synthetic/vanilla/attempts/attempt_001/evaluation_artifacts/metrics.csv
synthetic,vanilla,,baseline,500,225,0.0,,,,raw/jobs/main/synthetic/vanilla/attempts/attempt_001/evaluation_artifacts/metrics.csv
synthetic,vanilla,,baseline,1000,150,0.0,,,,raw/jobs/main/synthetic/vanilla/attempts/attempt_001/evaluation_artifacts/metrics.csv
synthetic,vanilla,,baseline,5000,150,0.0,,,,raw/jobs/main/synthetic/vanilla/attempts/attempt_001/evaluation_artifacts/metrics.csv
synthetic,window,,baseline,100,300,0.15,,,,raw/jobs/main/synthetic/window/attempts/attempt_001/evaluation_artifacts/metrics.csv
synthetic,window,,baseline,500,225,0.0,,,,raw/jobs/main/synthetic/window/attempts/attempt_001/evaluation_artifacts/metrics.csv
synthetic,window,,baseline,1000,150,0.0,,,,raw/jobs/main/synthetic/window/attempts/attempt_001/evaluation_artifacts/metrics.csv
synthetic,window,,baseline,5000,150,0.0,,,,raw/jobs/main/synthetic/window/attempts/attempt_001/evaluation_artifacts/metrics.csv
synthetic,rag,,baseline,100,300,0.68,,,,raw/jobs/main/synthetic/rag/attempts/attempt_001/evaluation_artifacts/metrics.csv
synthetic,rag,,baseline,500,225,0.6355555555555555,,,,raw/jobs/main/synthetic/rag/attempts/attempt_001/evaluation_artifacts/metrics.csv
synthetic,rag,,baseline,1000,150,0.62,,,,raw/jobs/main/synthetic/rag/attempts/attempt_001/evaluation_artifacts/metrics.csv
synthetic,rag,,baseline,5000,150,0.58,,,,raw/jobs/main/synthetic/rag/attempts/attempt_001/evaluation_artifacts/metrics.csv
synthetic,bounded_rag,,baseline,100,300,0.68,,,,raw/jobs/main/synthetic/bounded_rag/attempts/attempt_001/evaluation_artifacts/metrics.csv
synthetic,bounded_rag,,baseline,500,225,0.6355555555555555,,,,raw/jobs/main/synthetic/bounded_rag/attempts/attempt_001/evaluation_artifacts/metrics.csv
synthetic,bounded_rag,,baseline,1000,150,0.14666666666666667,,,,raw/jobs/main/synthetic/bounded_rag/attempts/attempt_001/evaluation_artifacts/metrics.csv
synthetic,bounded_rag,,baseline,5000,150,0.0,,,,raw/jobs/main/synthetic/bounded_rag/attempts/attempt_001/evaluation_artifacts/metrics.csv
synthetic,linearrag_local,,baseline,100,300,0.6733333333333333,,,,raw/jobs/main/synthetic/linearrag_local/attempts/attempt_001/evaluation_artifacts/metrics.csv
synthetic,linearrag_local,,baseline,500,225,0.68,,,,raw/jobs/main/synthetic/linearrag_local/attempts/attempt_001/evaluation_artifacts/metrics.csv
synthetic,linearrag_local,,baseline,1000,150,0.6133333333333333,,,,raw/jobs/main/synthetic/linearrag_local/attempts/attempt_001/evaluation_artifacts/metrics.csv
synthetic,linearrag_local,,baseline,5000,150,0.6466666666666666,,,,raw/jobs/main/synthetic/linearrag_local/attempts/attempt_001/evaluation_artifacts/metrics.csv
synthetic,lexical_only,,shared_ablation,100,300,0.7233333333333334,,,,raw/jobs/ablations/pathways/synthetic/lexical_only/attempts/attempt_001/evaluation_artifacts/metrics.csv
synthetic,lexical_only,,shared_ablation,500,225,0.68,,,,raw/jobs/ablations/pathways/synthetic/lexical_only/attempts/attempt_001/evaluation_artifacts/metrics.csv
synthetic,lexical_only,,shared_ablation,1000,150,0.6533333333333333,,,,raw/jobs/ablations/pathways/synthetic/lexical_only/attempts/attempt_001/evaluation_artifacts/metrics.csv
synthetic,lexical_only,,shared_ablation,5000,150,0.7066666666666667,,,,raw/jobs/ablations/pathways/synthetic/lexical_only/attempts/attempt_001/evaluation_artifacts/metrics.csv
synthetic,centered_zero,,shared_ablation,100,300,0.7133333333333334,,,,raw/jobs/ablations/pathways/synthetic/centered_zero/attempts/attempt_001/evaluation_artifacts/metrics.csv
synthetic,centered_zero,,shared_ablation,500,225,0.6977777777777778,,,,raw/jobs/ablations/pathways/synthetic/centered_zero/attempts/attempt_001/evaluation_artifacts/metrics.csv
synthetic,centered_zero,,shared_ablation,1000,150,0.64,,,,raw/jobs/ablations/pathways/synthetic/centered_zero/attempts/attempt_001/evaluation_artifacts/metrics.csv
synthetic,centered_zero,,shared_ablation,5000,150,0.6666666666666666,,,,raw/jobs/ablations/pathways/synthetic/centered_zero/attempts/attempt_001/evaluation_artifacts/metrics.csv
synthetic,hybrid_text,,shared_ablation,100,300,0.7833333333333333,,,,raw/jobs/ablations/pathways/synthetic/hybrid_text/attempts/attempt_001/evaluation_artifacts/metrics.csv
synthetic,hybrid_text,,shared_ablation,500,225,0.7822222222222223,,,,raw/jobs/ablations/pathways/synthetic/hybrid_text/attempts/attempt_001/evaluation_artifacts/metrics.csv
synthetic,hybrid_text,,shared_ablation,1000,150,0.7266666666666667,,,,raw/jobs/ablations/pathways/synthetic/hybrid_text/attempts/attempt_001/evaluation_artifacts/metrics.csv
synthetic,hybrid_text,,shared_ablation,5000,150,0.7533333333333333,,,,raw/jobs/ablations/pathways/synthetic/hybrid_text/attempts/attempt_001/evaluation_artifacts/metrics.csv
synthetic,chalm,13,displayed_checkpoint,100,300,0.84,,,,raw/jobs/main/synthetic/chalm/seed_13/attempts/attempt_001/evaluation_artifacts/metrics.csv
synthetic,chalm,13,displayed_checkpoint,500,225,0.8311111111111111,,,,raw/jobs/main/synthetic/chalm/seed_13/attempts/attempt_001/evaluation_artifacts/metrics.csv
synthetic,chalm,13,displayed_checkpoint,1000,150,0.8066666666666666,,,,raw/jobs/main/synthetic/chalm/seed_13/attempts/attempt_001/evaluation_artifacts/metrics.csv
synthetic,chalm,13,displayed_checkpoint,5000,150,0.6533333333333333,,,,raw/jobs/main/synthetic/chalm/seed_13/attempts/attempt_001/evaluation_artifacts/metrics.csv
synthetic,chalm,29,displayed_checkpoint,100,300,0.71,,,,raw/jobs/main/synthetic/chalm/seed_29/attempts/attempt_001/evaluation_artifacts/metrics.csv
synthetic,chalm,29,displayed_checkpoint,500,225,0.68,,,,raw/jobs/main/synthetic/chalm/seed_29/attempts/attempt_001/evaluation_artifacts/metrics.csv
synthetic,chalm,29,displayed_checkpoint,1000,150,0.7333333333333333,,,,raw/jobs/main/synthetic/chalm/seed_29/attempts/attempt_001/evaluation_artifacts/metrics.csv
synthetic,chalm,29,displayed_checkpoint,5000,150,0.7866666666666666,,,,raw/jobs/main/synthetic/chalm/seed_29/attempts/attempt_001/evaluation_artifacts/metrics.csv
synthetic,chalm,31,displayed_checkpoint,100,300,0.6333333333333333,,,,raw/jobs/main/synthetic/chalm/seed_31/attempts/attempt_001/evaluation_artifacts/metrics.csv
synthetic,chalm,31,displayed_checkpoint,500,225,0.6755555555555556,,,,raw/jobs/main/synthetic/chalm/seed_31/attempts/attempt_001/evaluation_artifacts/metrics.csv
synthetic,chalm,31,displayed_checkpoint,1000,150,0.6933333333333334,,,,raw/jobs/main/synthetic/chalm/seed_31/attempts/attempt_001/evaluation_artifacts/metrics.csv
synthetic,chalm,31,displayed_checkpoint,5000,150,0.7333333333333333,,,,raw/jobs/main/synthetic/chalm/seed_31/attempts/attempt_001/evaluation_artifacts/metrics.csv
synthetic,pure_liquid,13,displayed_checkpoint,100,300,0.15,,,,raw/jobs/ablations/pathways/synthetic/pure_liquid/seed_13/attempts/attempt_001/evaluation_artifacts/metrics.csv
synthetic,pure_liquid,13,displayed_checkpoint,500,225,0.14666666666666667,,,,raw/jobs/ablations/pathways/synthetic/pure_liquid/seed_13/attempts/attempt_001/evaluation_artifacts/metrics.csv
synthetic,pure_liquid,13,displayed_checkpoint,1000,150,0.14666666666666667,,,,raw/jobs/ablations/pathways/synthetic/pure_liquid/seed_13/attempts/attempt_001/evaluation_artifacts/metrics.csv
synthetic,pure_liquid,13,displayed_checkpoint,5000,150,0.14666666666666667,,,,raw/jobs/ablations/pathways/synthetic/pure_liquid/seed_13/attempts/attempt_001/evaluation_artifacts/metrics.csv
synthetic,pure_liquid,29,displayed_checkpoint,100,300,0.14,,,,raw/jobs/ablations/pathways/synthetic/pure_liquid/seed_29/attempts/attempt_001/evaluation_artifacts/metrics.csv
synthetic,pure_liquid,29,displayed_checkpoint,500,225,0.13777777777777778,,,,raw/jobs/ablations/pathways/synthetic/pure_liquid/seed_29/attempts/attempt_001/evaluation_artifacts/metrics.csv
synthetic,pure_liquid,29,displayed_checkpoint,1000,150,0.0,,,,raw/jobs/ablations/pathways/synthetic/pure_liquid/seed_29/attempts/attempt_001/evaluation_artifacts/metrics.csv
synthetic,pure_liquid,29,displayed_checkpoint,5000,150,0.0,,,,raw/jobs/ablations/pathways/synthetic/pure_liquid/seed_29/attempts/attempt_001/evaluation_artifacts/metrics.csv
synthetic,pure_liquid,31,displayed_checkpoint,100,300,0.15,,,,raw/jobs/ablations/pathways/synthetic/pure_liquid/seed_31/attempts/attempt_001/evaluation_artifacts/metrics.csv
synthetic,pure_liquid,31,displayed_checkpoint,500,225,0.1511111111111111,,,,raw/jobs/ablations/pathways/synthetic/pure_liquid/seed_31/attempts/attempt_001/evaluation_artifacts/metrics.csv
synthetic,pure_liquid,31,displayed_checkpoint,1000,150,0.15333333333333332,,,,raw/jobs/ablations/pathways/synthetic/pure_liquid/seed_31/attempts/attempt_001/evaluation_artifacts/metrics.csv
synthetic,pure_liquid,31,displayed_checkpoint,5000,150,0.15333333333333332,,,,raw/jobs/ablations/pathways/synthetic/pure_liquid/seed_31/attempts/attempt_001/evaluation_artifacts/metrics.csv
longmemeval,vanilla,,baseline,,450,,0.022964269575983205,0.006666666666666667,,raw/jobs/main/longmemeval/vanilla/attempts/attempt_001/evaluation_artifacts/metrics.csv
longmemeval,window,,baseline,,450,,0.07331807745732238,0.0,,raw/jobs/main/longmemeval/window/attempts/attempt_001/evaluation_artifacts/metrics.csv
longmemeval,rag,,baseline,,450,,0.20130957814166792,0.13777777777777778,,raw/jobs/main/longmemeval/rag/attempts/attempt_001/evaluation_artifacts/metrics.csv
longmemeval,bounded_rag,,baseline,,450,,0.19114104387973666,0.13111111111111112,,raw/jobs/main/longmemeval/bounded_rag/attempts/attempt_002/evaluation_artifacts/metrics.csv
longmemeval,linearrag_local,,baseline,,450,,0.1783603827307104,0.11333333333333333,,raw/jobs/main/longmemeval/linearrag_local/attempts/attempt_001/evaluation_artifacts/metrics.csv
longmemeval,lexical_only,,shared_ablation,,450,,0.19149764925295296,0.12666666666666668,,raw/jobs/ablations/pathways/longmemeval/lexical_only/attempts/attempt_001/evaluation_artifacts/metrics.csv
longmemeval,centered_zero,,shared_ablation,,450,,0.20956189179922446,0.14222222222222222,,raw/jobs/ablations/pathways/longmemeval/centered_zero/attempts/attempt_001/evaluation_artifacts/metrics.csv
longmemeval,hybrid_text,,shared_ablation,,450,,0.21804091341275117,0.1511111111111111,,raw/jobs/ablations/pathways/longmemeval/hybrid_text/attempts/attempt_001/evaluation_artifacts/metrics.csv
longmemeval,chalm,13,displayed_checkpoint,,450,,0.2682245788925845,0.17333333333333334,,raw/jobs/main/longmemeval/chalm/seed_13/attempts/attempt_001/evaluation_artifacts/metrics.csv
longmemeval,chalm,29,displayed_checkpoint,,450,,0.2377668902878327,0.16666666666666666,,raw/jobs/main/longmemeval/chalm/seed_29/attempts/attempt_001/evaluation_artifacts/metrics.csv
longmemeval,chalm,31,displayed_checkpoint,,450,,0.2593844288410146,0.17555555555555555,,raw/jobs/main/longmemeval/chalm/seed_31/attempts/attempt_001/evaluation_artifacts/metrics.csv
longmemeval,pure_liquid,13,displayed_checkpoint,,450,,0.08433038665904163,0.044444444444444446,,raw/jobs/ablations/pathways/longmemeval/pure_liquid/seed_13/attempts/attempt_001/evaluation_artifacts/metrics.csv
longmemeval,pure_liquid,29,displayed_checkpoint,,450,,0.07363599578115589,0.028888888888888888,,raw/jobs/ablations/pathways/longmemeval/pure_liquid/seed_29/attempts/attempt_001/evaluation_artifacts/metrics.csv
longmemeval,pure_liquid,31,displayed_checkpoint,,450,,0.04937821461527629,0.02666666666666667,,raw/jobs/ablations/pathways/longmemeval/pure_liquid/seed_31/attempts/attempt_001/evaluation_artifacts/metrics.csv
locomo,vanilla,,baseline,,1986,,0.0036755414776562813,0.0,0.22797322585397936,raw/jobs/main/locomo/vanilla/attempts/attempt_001/evaluation_artifacts/metrics.csv
locomo,window,,baseline,,1986,,0.04103316849069491,0.01460221550855992,0.23353037240857966,raw/jobs/main/locomo/window/attempts/attempt_001/evaluation_artifacts/metrics.csv
locomo,rag,,baseline,,1986,,0.17034181130646117,0.06545820745216516,0.314396698433177,raw/jobs/main/locomo/rag/attempts/attempt_001/evaluation_artifacts/metrics.csv
locomo,bounded_rag,,baseline,,1986,,0.15351531751700084,0.057905337361530716,0.2986117615369765,raw/jobs/main/locomo/bounded_rag/attempts/attempt_001/evaluation_artifacts/metrics.csv
locomo,linearrag_local,,baseline,,1986,,0.17292558776840772,0.06646525679758308,0.32019720073836444,raw/jobs/main/locomo/linearrag_local/attempts/attempt_001/evaluation_artifacts/metrics.csv
locomo,lexical_only,,shared_ablation,,1986,,0.15637046739583602,0.055891238670694864,0.3099564346531761,raw/jobs/ablations/pathways/locomo/lexical_only/attempts/attempt_001/evaluation_artifacts/metrics.csv
locomo,centered_zero,,shared_ablation,,1986,,0.2158835437475889,0.07955689828801611,0.32378763132022287,raw/jobs/ablations/pathways/locomo/centered_zero/attempts/attempt_001/evaluation_artifacts/metrics.csv
locomo,hybrid_text,,shared_ablation,,1986,,0.20210271193188842,0.07955689828801611,0.33736754652096734,raw/jobs/ablations/pathways/locomo/hybrid_text/attempts/attempt_001/evaluation_artifacts/metrics.csv
locomo,chalm,13,displayed_checkpoint,,1986,,0.2445031329983537,0.11278952668680765,0.36845122028973465,raw/jobs/main/locomo/chalm/seed_13/attempts/attempt_001/evaluation_artifacts/metrics.csv
locomo,chalm,29,displayed_checkpoint,,1986,,0.223108417261121,0.09617321248741188,0.3368216062403552,raw/jobs/main/locomo/chalm/seed_29/attempts/attempt_001/evaluation_artifacts/metrics.csv
locomo,chalm,31,displayed_checkpoint,,1986,,0.23525900620914794,0.09718026183282981,0.33714184949971804,raw/jobs/main/locomo/chalm/seed_31/attempts/attempt_001/evaluation_artifacts/metrics.csv
locomo,pure_liquid,13,displayed_checkpoint,,1986,,0.0354026488015066,0.02014098690835851,0.0450836961399054,raw/jobs/ablations/pathways/locomo/pure_liquid/seed_13/attempts/attempt_001/evaluation_artifacts/metrics.csv
locomo,pure_liquid,29,displayed_checkpoint,,1986,,0.04280634417937578,0.01812688821752266,0.04179679455362264,raw/jobs/ablations/pathways/locomo/pure_liquid/seed_29/attempts/attempt_001/evaluation_artifacts/metrics.csv
locomo,pure_liquid,31,displayed_checkpoint,,1986,,0.006534180764512903,0.004531722054380665,0.112149574569603,raw/jobs/ablations/pathways/locomo/pure_liquid/seed_31/attempts/attempt_001/evaluation_artifacts/metrics.csv
