group,dataset,agent,horizon,question_type,metric,n_rows,mean,sample_sd
ablations,longmemeval,difference_prefix,,all,token_f1_diagnostic,3,0.24340826613621483,0.03150557556908401
ablations,longmemeval,difference_prefix,,single-session-user,token_f1_diagnostic,3,0.5208732305070978,0.09179284245476838
ablations,longmemeval,difference_prefix,,all,correct,3,0.16148148148148148,0.01339491949631491
ablations,longmemeval,difference_prefix,,single-session-user,correct,3,0.38333333333333336,0.07637626158259735
ablations,longmemeval,difference_prefix,,multi-session,token_f1_diagnostic,3,0.0971543932606265,0.028765202757946227
ablations,longmemeval,difference_prefix,,multi-session,correct,3,0.07017543859649122,0.022970304235367618
ablations,longmemeval,difference_prefix,,single-session-preference,token_f1_diagnostic,3,0.05592920392815512,0.009849950931416298
ablations,longmemeval,difference_prefix,,single-session-preference,correct,3,0.0,0.0
ablations,longmemeval,difference_prefix,,temporal-reasoning,token_f1_diagnostic,3,0.14592524484785738,0.04460566263520551
ablations,longmemeval,difference_prefix,,temporal-reasoning,correct,3,0.05764411027568922,0.01892189081521491
ablations,longmemeval,difference_prefix,,knowledge-update,token_f1_diagnostic,3,0.4742685352334475,0.027496545917410728
ablations,longmemeval,difference_prefix,,knowledge-update,correct,3,0.3717948717948718,0.02220577958421636
ablations,longmemeval,difference_prefix,,single-session-assistant,token_f1_diagnostic,3,0.5020685967263,0.05302323807210677
ablations,longmemeval,difference_prefix,,single-session-assistant,correct,3,0.3392857142857143,0.03092947870658711
ordering,longmemeval,chalm_score_order,,all,token_f1_diagnostic,1,0.24927542938585928,
ordering,longmemeval,chalm_score_order,,single-session-user,token_f1_diagnostic,1,0.5897621193959867,
ordering,longmemeval,chalm_score_order,,all,correct,1,0.16666666666666666,
ordering,longmemeval,chalm_score_order,,single-session-user,correct,1,0.45,
ordering,longmemeval,chalm_score_order,,multi-session,token_f1_diagnostic,1,0.09713230137212689,
ordering,longmemeval,chalm_score_order,,multi-session,correct,1,0.05263157894736842,
ordering,longmemeval,chalm_score_order,,single-session-preference,token_f1_diagnostic,1,0.07702210245682699,
ordering,longmemeval,chalm_score_order,,single-session-preference,correct,1,0.0,
ordering,longmemeval,chalm_score_order,,temporal-reasoning,token_f1_diagnostic,1,0.16106862067022756,
ordering,longmemeval,chalm_score_order,,temporal-reasoning,correct,1,0.08270676691729323,
ordering,longmemeval,chalm_score_order,,knowledge-update,token_f1_diagnostic,1,0.47515900279058176,
ordering,longmemeval,chalm_score_order,,knowledge-update,correct,1,0.3974358974358974,
ordering,longmemeval,chalm_score_order,,single-session-assistant,token_f1_diagnostic,1,0.4761591591556003,
ordering,longmemeval,chalm_score_order,,single-session-assistant,correct,1,0.30357142857142855,
ablations,synthetic,chalm,100,all,correct,3,0.7277777777777777,0.10447399109259115
ablations,synthetic,chalm,100,stable_fact,correct,3,0.9888888888888889,0.01924500897298752
ablations,synthetic,chalm,100,correction,correct,3,0.9333333333333333,0.05773502691896256
ablations,synthetic,chalm,100,repeated_fact,correct,3,1.0,0.0
ablations,synthetic,chalm,100,contradictory_update,correct,3,0.9666666666666667,0.05773502691896256
ablations,synthetic,chalm,100,boolean,correct,3,0.3111111111111111,0.27148426050823593
ablations,synthetic,chalm,100,goal,correct,3,0.888888888888889,0.11706281947614151
ablations,synthetic,chalm,100,response_style,correct,3,1.0,0.0
ablations,synthetic,chalm,100,temporal,correct,3,0.5,0.43333333333333335
ablations,synthetic,chalm,100,multi_fact,correct,3,0.0,0.0
ablations,synthetic,chalm,100,paraphrase,correct,3,0.6888888888888889,0.3168128317640723
ablations,synthetic,chalm,500,all,correct,3,0.7288888888888889,0.08855492820076122
ablations,synthetic,chalm,500,stable_fact,correct,3,0.9855072463768116,0.025102185616940234
ablations,synthetic,chalm,500,correction,correct,3,0.9130434782608695,0.08695652173913043
ablations,synthetic,chalm,500,repeated_fact,correct,3,1.0,0.0
ablations,synthetic,chalm,500,contradictory_update,correct,3,0.9710144927536232,0.05020437123388053
ablations,synthetic,chalm,500,boolean,correct,3,0.2753623188405797,0.24722785665553595
ablations,synthetic,chalm,500,goal,correct,3,0.8636363636363636,0.13636363636363635
ablations,synthetic,chalm,500,response_style,correct,3,1.0,0.0
ablations,synthetic,chalm,500,temporal,correct,3,0.5909090909090909,0.4090909090909091
ablations,synthetic,chalm,500,multi_fact,correct,3,0.0,0.0
ablations,synthetic,chalm,500,paraphrase,correct,3,0.6666666666666666,0.25034411578573196
ablations,synthetic,chalm,1000,all,correct,3,0.7444444444444445,0.0574778540283447
ablations,synthetic,chalm,1000,stable_fact,correct,3,0.9777777777777777,0.03849001794597504
ablations,synthetic,chalm,1000,correction,correct,3,0.9333333333333333,0.06666666666666665
ablations,synthetic,chalm,1000,repeated_fact,correct,3,0.8888888888888888,0.1924500897298753
ablations,synthetic,chalm,1000,contradictory_update,correct,3,0.8,0.13333333333333336
ablations,synthetic,chalm,1000,boolean,correct,3,0.17777777777777778,0.3079201435678004
ablations,synthetic,chalm,1000,goal,correct,3,0.9777777777777777,0.03849001794597504
ablations,synthetic,chalm,1000,response_style,correct,3,1.0,0.0
ablations,synthetic,chalm,1000,temporal,correct,3,0.7777777777777778,0.26943012562182533
ablations,synthetic,chalm,1000,multi_fact,correct,3,0.0,0.0
ablations,synthetic,chalm,1000,paraphrase,correct,3,0.9111111111111111,0.03849001794597504
ablations,synthetic,chalm,5000,all,correct,3,0.7244444444444444,0.06710963942462887
ablations,synthetic,chalm,5000,stable_fact,correct,3,1.0,0.0
ablations,synthetic,chalm,5000,correction,correct,3,0.6666666666666666,0.4618802153517006
ablations,synthetic,chalm,5000,repeated_fact,correct,3,0.9777777777777777,0.03849001794597504
ablations,synthetic,chalm,5000,contradictory_update,correct,3,0.7777777777777778,0.27755546659548436
ablations,synthetic,chalm,5000,boolean,correct,3,0.1111111111111111,0.19245008972987523
ablations,synthetic,chalm,5000,goal,correct,3,1.0,0.0
ablations,synthetic,chalm,5000,response_style,correct,3,0.9555555555555556,0.07698003589195009
ablations,synthetic,chalm,5000,temporal,correct,3,0.8666666666666667,0.23094010767585033
ablations,synthetic,chalm,5000,multi_fact,correct,3,0.0,0.0
ablations,synthetic,chalm,5000,paraphrase,correct,3,0.8888888888888888,0.1387777332977422
newest-wins-cue_free,synthetic,lexical_only,1000,all,correct,1,0.5666666666666667,
newest-wins-cue_free,synthetic,lexical_only,1000,stable_fact,correct,1,1.0,
newest-wins-cue_free,synthetic,lexical_only,1000,correction,correct,1,0.13333333333333333,
newest-wins-cue_free,synthetic,lexical_only,1000,repeated_fact,correct,1,1.0,
newest-wins-cue_free,synthetic,lexical_only,1000,contradictory_update,correct,1,0.0,
newest-wins-cue_free,synthetic,lexical_only,1000,boolean,correct,1,0.0,
newest-wins-cue_free,synthetic,lexical_only,1000,goal,correct,1,1.0,
newest-wins-cue_free,synthetic,lexical_only,1000,response_style,correct,1,0.7333333333333334,
newest-wins-cue_free,synthetic,lexical_only,1000,temporal,correct,1,0.9333333333333333,
newest-wins-cue_free,synthetic,lexical_only,1000,multi_fact,correct,1,0.0,
newest-wins-cue_free,synthetic,lexical_only,1000,paraphrase,correct,1,0.8666666666666667,
newest-wins-cue_free,synthetic,lexical_only,5000,all,correct,1,0.6066666666666667,
newest-wins-cue_free,synthetic,lexical_only,5000,stable_fact,correct,1,1.0,
newest-wins-cue_free,synthetic,lexical_only,5000,correction,correct,1,0.13333333333333333,
newest-wins-cue_free,synthetic,lexical_only,5000,repeated_fact,correct,1,1.0,
newest-wins-cue_free,synthetic,lexical_only,5000,contradictory_update,correct,1,0.06666666666666667,
newest-wins-cue_free,synthetic,lexical_only,5000,boolean,correct,1,0.0,
newest-wins-cue_free,synthetic,lexical_only,5000,goal,correct,1,1.0,
newest-wins-cue_free,synthetic,lexical_only,5000,response_style,correct,1,0.9333333333333333,
newest-wins-cue_free,synthetic,lexical_only,5000,temporal,correct,1,0.9333333333333333,
newest-wins-cue_free,synthetic,lexical_only,5000,multi_fact,correct,1,0.0,
newest-wins-cue_free,synthetic,lexical_only,5000,paraphrase,correct,1,1.0,
ablations,longmemeval,chalm,,all,token_f1_diagnostic,3,0.2551252993404773,0.015669168352620607
ablations,longmemeval,chalm,,single-session-user,token_f1_diagnostic,3,0.5402299556532966,0.11059943742921746
ablations,longmemeval,chalm,,all,correct,3,0.17185185185185184,0.004625924443258076
ablations,longmemeval,chalm,,single-session-user,correct,3,0.4,0.1
ablations,longmemeval,chalm,,multi-session,token_f1_diagnostic,3,0.10695615490940676,0.0030158359934384974
ablations,longmemeval,chalm,,multi-session,correct,3,0.07268170426065163,0.004340979467591171
ablations,longmemeval,chalm,,single-session-preference,token_f1_diagnostic,3,0.061475843045355576,0.021978218168560916
ablations,longmemeval,chalm,,single-session-preference,correct,3,0.0,0.0
ablations,longmemeval,chalm,,temporal-reasoning,token_f1_diagnostic,3,0.16934872519532201,0.022966869581114845
ablations,longmemeval,chalm,,temporal-reasoning,correct,3,0.08521303258145363,0.004340979467591171
ablations,longmemeval,chalm,,knowledge-update,token_f1_diagnostic,3,0.4917248443564233,0.03168723492753171
ablations,longmemeval,chalm,,knowledge-update,correct,3,0.3846153846153846,0.03391988860339218
ablations,longmemeval,chalm,,single-session-assistant,token_f1_diagnostic,3,0.48311470330461115,0.027765372493087387
ablations,longmemeval,chalm,,single-session-assistant,correct,3,0.3273809523809524,0.020619652471058087
cue-free,synthetic,chalm,1000,all,correct,3,0.6155555555555555,0.06194382162118373
cue-free,synthetic,chalm,1000,stable_fact,correct,3,0.9777777777777777,0.03849001794597504
cue-free,synthetic,chalm,1000,correction,correct,3,0.48888888888888893,0.26943012562182533
cue-free,synthetic,chalm,1000,repeated_fact,correct,3,0.888888888888889,0.1924500897298752
cue-free,synthetic,chalm,1000,contradictory_update,correct,3,0.4,0.3055050463303894
cue-free,synthetic,chalm,1000,boolean,correct,3,0.2,0.2905932629027116
cue-free,synthetic,chalm,1000,goal,correct,3,0.9777777777777777,0.03849001794597504
cue-free,synthetic,chalm,1000,response_style,correct,3,0.5777777777777777,0.03849001794597504
cue-free,synthetic,chalm,1000,temporal,correct,3,0.8222222222222222,0.2523959264800122
cue-free,synthetic,chalm,1000,multi_fact,correct,3,0.0,0.0
cue-free,synthetic,chalm,1000,paraphrase,correct,3,0.8222222222222223,0.10183501544346309
cue-free,synthetic,chalm,5000,all,correct,3,0.5933333333333334,0.029059326290271154
cue-free,synthetic,chalm,5000,stable_fact,correct,3,0.9777777777777777,0.03849001794597504
cue-free,synthetic,chalm,5000,correction,correct,3,0.6444444444444445,0.10183501544346316
cue-free,synthetic,chalm,5000,repeated_fact,correct,3,1.0,0.0
cue-free,synthetic,chalm,5000,contradictory_update,correct,3,0.4888888888888889,0.10183501544346309
cue-free,synthetic,chalm,5000,boolean,correct,3,0.17777777777777778,0.3079201435678004
cue-free,synthetic,chalm,5000,goal,correct,3,0.9777777777777777,0.03849001794597504
cue-free,synthetic,chalm,5000,response_style,correct,3,0.0,0.0
cue-free,synthetic,chalm,5000,temporal,correct,3,0.888888888888889,0.13877773329774215
cue-free,synthetic,chalm,5000,multi_fact,correct,3,0.0,0.0
cue-free,synthetic,chalm,5000,paraphrase,correct,3,0.7777777777777778,0.1387777332977422
newest-wins-cue_free,synthetic,chalm,1000,all,correct,3,0.6644444444444445,0.0800925390708449
newest-wins-cue_free,synthetic,chalm,1000,stable_fact,correct,3,0.9777777777777777,0.03849001794597504
newest-wins-cue_free,synthetic,chalm,1000,correction,correct,3,0.5555555555555556,0.2143033502442879
newest-wins-cue_free,synthetic,chalm,1000,repeated_fact,correct,3,0.8444444444444444,0.2143033502442879
newest-wins-cue_free,synthetic,chalm,1000,contradictory_update,correct,3,0.5333333333333333,0.2666666666666667
newest-wins-cue_free,synthetic,chalm,1000,boolean,correct,3,0.2222222222222222,0.3288588574877498
newest-wins-cue_free,synthetic,chalm,1000,goal,correct,3,1.0,0.0
newest-wins-cue_free,synthetic,chalm,1000,response_style,correct,3,0.9555555555555556,0.03849001794597504
newest-wins-cue_free,synthetic,chalm,1000,temporal,correct,3,0.8,0.2905932629027116
newest-wins-cue_free,synthetic,chalm,1000,multi_fact,correct,3,0.0,0.0
newest-wins-cue_free,synthetic,chalm,1000,paraphrase,correct,3,0.7555555555555556,0.1677740985615722
newest-wins-cue_free,synthetic,chalm,5000,all,correct,3,0.7022222222222222,0.048227854253801584
newest-wins-cue_free,synthetic,chalm,5000,stable_fact,correct,3,0.9777777777777777,0.03849001794597504
newest-wins-cue_free,synthetic,chalm,5000,correction,correct,3,0.888888888888889,0.07698003589195009
newest-wins-cue_free,synthetic,chalm,5000,repeated_fact,correct,3,1.0,0.0
newest-wins-cue_free,synthetic,chalm,5000,contradictory_update,correct,3,0.7333333333333334,0.11547005383792519
newest-wins-cue_free,synthetic,chalm,5000,boolean,correct,3,0.13333333333333333,0.23094010767585033
newest-wins-cue_free,synthetic,chalm,5000,goal,correct,3,1.0,0.0
newest-wins-cue_free,synthetic,chalm,5000,response_style,correct,3,0.9555555555555556,0.03849001794597504
newest-wins-cue_free,synthetic,chalm,5000,temporal,correct,3,0.7777777777777778,0.3288588574877498
newest-wins-cue_free,synthetic,chalm,5000,multi_fact,correct,3,0.0,0.0
newest-wins-cue_free,synthetic,chalm,5000,paraphrase,correct,3,0.5555555555555556,0.26943012562182533
ablations,locomo,lexical_only,,all,token_f1_diagnostic,1,0.15637046739583602,
ablations,locomo,lexical_only,,category-2,token_f1_diagnostic,1,0.1787716291651363,
ablations,locomo,lexical_only,,all,correct,1,0.055891238670694864,
ablations,locomo,lexical_only,,category-2,correct,1,0.012461059190031152,
ablations,locomo,lexical_only,,all,locomo_official_qa_score,1,0.3099564346531761,
ablations,locomo,lexical_only,,category-2,locomo_official_qa_score,1,0.18246587265278855,
ablations,locomo,lexical_only,,category-3,token_f1_diagnostic,1,0.05270393103273538,
ablations,locomo,lexical_only,,category-3,correct,1,0.020833333333333332,
ablations,locomo,lexical_only,,category-3,locomo_official_qa_score,1,0.060833455533210436,
ablations,locomo,lexical_only,,category-1,token_f1_diagnostic,1,0.1591353620665646,
ablations,locomo,lexical_only,,category-1,correct,1,0.024822695035460994,
ablations,locomo,lexical_only,,category-1,locomo_official_qa_score,1,0.13707821080999014,
ablations,locomo,lexical_only,,category-4,token_f1_diagnostic,1,0.24105862759121016,
ablations,locomo,lexical_only,,category-4,correct,1,0.11652794292508918,
ablations,locomo,lexical_only,,category-4,locomo_official_qa_score,1,0.24554799871588256,
ablations,locomo,lexical_only,,category-5,token_f1_diagnostic,1,0.0011210762331838565,
ablations,locomo,lexical_only,,category-5,correct,1,0.0,
ablations,locomo,lexical_only,,category-5,locomo_official_qa_score,1,0.6860986547085202,
newest-wins-original,locomo,lexical_only,,all,token_f1_diagnostic,1,0.15631811229471337,
newest-wins-original,locomo,lexical_only,,category-2,token_f1_diagnostic,1,0.1752153838643427,
newest-wins-original,locomo,lexical_only,,all,correct,1,0.05639476334340383,
newest-wins-original,locomo,lexical_only,,category-2,correct,1,0.012461059190031152,
newest-wins-original,locomo,lexical_only,,all,locomo_official_qa_score,1,0.3086452337725306,
newest-wins-original,locomo,lexical_only,,category-2,locomo_official_qa_score,1,0.17901918780423454,
newest-wins-original,locomo,lexical_only,,category-3,token_f1_diagnostic,1,0.04316772071527506,
newest-wins-original,locomo,lexical_only,,category-3,correct,1,0.020833333333333332,
newest-wins-original,locomo,lexical_only,,category-3,locomo_official_qa_score,1,0.05244427526903017,
newest-wins-original,locomo,lexical_only,,category-1,token_f1_diagnostic,1,0.15750359935746838,
newest-wins-original,locomo,lexical_only,,category-1,correct,1,0.02127659574468085,
newest-wins-original,locomo,lexical_only,,category-1,locomo_official_qa_score,1,0.1391922707419822,
newest-wins-original,locomo,lexical_only,,category-4,token_f1_diagnostic,1,0.24392808155692539,
newest-wins-original,locomo,lexical_only,,category-4,correct,1,0.11890606420927467,
newest-wins-original,locomo,lexical_only,,category-4,locomo_official_qa_score,1,0.248772180989323,
newest-wins-original,locomo,lexical_only,,category-5,token_f1_diagnostic,1,0.0011210762331838565,
newest-wins-original,locomo,lexical_only,,category-5,correct,1,0.0,
newest-wins-original,locomo,lexical_only,,category-5,locomo_official_qa_score,1,0.6771300448430493,
ordering,locomo,chalm_score_order,,all,token_f1_diagnostic,1,0.2379757445973716,
ordering,locomo,chalm_score_order,,category-2,token_f1_diagnostic,1,0.23480757733094182,
ordering,locomo,chalm_score_order,,all,correct,1,0.10976837865055387,
ordering,locomo,chalm_score_order,,category-2,correct,1,0.024922118380062305,
ordering,locomo,chalm_score_order,,all,locomo_official_qa_score,1,0.37661615138492904,
ordering,locomo,chalm_score_order,,category-2,locomo_official_qa_score,1,0.24264821367625106,
ordering,locomo,chalm_score_order,,category-3,token_f1_diagnostic,1,0.07829294548044548,
ordering,locomo,chalm_score_order,,category-3,correct,1,0.041666666666666664,
ordering,locomo,chalm_score_order,,category-3,locomo_official_qa_score,1,0.1032056016347763,
ordering,locomo,chalm_score_order,,category-1,token_f1_diagnostic,1,0.19303425605770427,
ordering,locomo,chalm_score_order,,category-1,correct,1,0.03900709219858156,
ordering,locomo,chalm_score_order,,category-1,locomo_official_qa_score,1,0.17379829841372413,
ordering,locomo,chalm_score_order,,category-4,token_f1_diagnostic,1,0.3980913358772322,
ordering,locomo,chalm_score_order,,category-4,correct,1,0.2318668252080856,
ordering,locomo,chalm_score_order,,category-4,locomo_official_qa_score,1,0.4115942237226918,
ordering,locomo,chalm_score_order,,category-5,token_f1_diagnostic,1,0.0011210762331838565,
ordering,locomo,chalm_score_order,,category-5,correct,1,0.0,
ordering,locomo,chalm_score_order,,category-5,locomo_official_qa_score,1,0.594170403587444,
ablations,longmemeval,lexical_only,,all,token_f1_diagnostic,1,0.19149764925295293,
ablations,longmemeval,lexical_only,,single-session-user,token_f1_diagnostic,1,0.43023830987217715,
ablations,longmemeval,lexical_only,,all,correct,1,0.12666666666666668,
ablations,longmemeval,lexical_only,,single-session-user,correct,1,0.3,
ablations,longmemeval,lexical_only,,multi-session,token_f1_diagnostic,1,0.09703309030366178,
ablations,longmemeval,lexical_only,,multi-session,correct,1,0.07518796992481203,
ablations,longmemeval,lexical_only,,single-session-preference,token_f1_diagnostic,1,0.04372324197114607,
ablations,longmemeval,lexical_only,,single-session-preference,correct,1,0.0,
ablations,longmemeval,lexical_only,,temporal-reasoning,token_f1_diagnostic,1,0.08710999719841724,
ablations,longmemeval,lexical_only,,temporal-reasoning,correct,1,0.045112781954887216,
ablations,longmemeval,lexical_only,,knowledge-update,token_f1_diagnostic,1,0.3539200565516355,
ablations,longmemeval,lexical_only,,knowledge-update,correct,1,0.23076923076923078,
ablations,longmemeval,lexical_only,,single-session-assistant,token_f1_diagnostic,1,0.43144077961512173,
ablations,longmemeval,lexical_only,,single-session-assistant,correct,1,0.30357142857142855,
retrieval,synthetic,bm25_cache,100,all,correct,1,0.77,
retrieval,synthetic,bm25_cache,100,stable_fact,correct,1,1.0,
retrieval,synthetic,bm25_cache,100,correction,correct,1,0.8666666666666667,
retrieval,synthetic,bm25_cache,100,repeated_fact,correct,1,1.0,
retrieval,synthetic,bm25_cache,100,contradictory_update,correct,1,0.9666666666666667,
retrieval,synthetic,bm25_cache,100,boolean,correct,1,0.0,
retrieval,synthetic,bm25_cache,100,goal,correct,1,1.0,
retrieval,synthetic,bm25_cache,100,response_style,correct,1,1.0,
retrieval,synthetic,bm25_cache,100,temporal,correct,1,0.9333333333333333,
retrieval,synthetic,bm25_cache,100,multi_fact,correct,1,0.0,
retrieval,synthetic,bm25_cache,100,paraphrase,correct,1,0.9333333333333333,
retrieval,synthetic,bm25_cache,500,all,correct,1,0.7866666666666666,
retrieval,synthetic,bm25_cache,500,stable_fact,correct,1,0.9565217391304348,
retrieval,synthetic,bm25_cache,500,correction,correct,1,1.0,
retrieval,synthetic,bm25_cache,500,repeated_fact,correct,1,1.0,
retrieval,synthetic,bm25_cache,500,contradictory_update,correct,1,1.0,
retrieval,synthetic,bm25_cache,500,boolean,correct,1,0.0,
retrieval,synthetic,bm25_cache,500,goal,correct,1,1.0,
retrieval,synthetic,bm25_cache,500,response_style,correct,1,0.9545454545454546,
retrieval,synthetic,bm25_cache,500,temporal,correct,1,1.0,
retrieval,synthetic,bm25_cache,500,multi_fact,correct,1,0.0,
retrieval,synthetic,bm25_cache,500,paraphrase,correct,1,0.9545454545454546,
retrieval,synthetic,bm25_cache,1000,all,correct,1,0.76,
retrieval,synthetic,bm25_cache,1000,stable_fact,correct,1,1.0,
retrieval,synthetic,bm25_cache,1000,correction,correct,1,0.8666666666666667,
retrieval,synthetic,bm25_cache,1000,repeated_fact,correct,1,1.0,
retrieval,synthetic,bm25_cache,1000,contradictory_update,correct,1,0.7333333333333333,
retrieval,synthetic,bm25_cache,1000,boolean,correct,1,0.0,
retrieval,synthetic,bm25_cache,1000,goal,correct,1,1.0,
retrieval,synthetic,bm25_cache,1000,response_style,correct,1,1.0,
retrieval,synthetic,bm25_cache,1000,temporal,correct,1,1.0,
retrieval,synthetic,bm25_cache,1000,multi_fact,correct,1,0.0,
retrieval,synthetic,bm25_cache,1000,paraphrase,correct,1,1.0,
retrieval,synthetic,bm25_cache,5000,all,correct,1,0.7533333333333333,
retrieval,synthetic,bm25_cache,5000,stable_fact,correct,1,1.0,
retrieval,synthetic,bm25_cache,5000,correction,correct,1,0.8666666666666667,
retrieval,synthetic,bm25_cache,5000,repeated_fact,correct,1,1.0,
retrieval,synthetic,bm25_cache,5000,contradictory_update,correct,1,0.6666666666666666,
retrieval,synthetic,bm25_cache,5000,boolean,correct,1,0.0,
retrieval,synthetic,bm25_cache,5000,goal,correct,1,1.0,
retrieval,synthetic,bm25_cache,5000,response_style,correct,1,1.0,
retrieval,synthetic,bm25_cache,5000,temporal,correct,1,1.0,
retrieval,synthetic,bm25_cache,5000,multi_fact,correct,1,0.0,
retrieval,synthetic,bm25_cache,5000,paraphrase,correct,1,1.0,
newest-wins-original,synthetic,lexical_only,100,all,correct,1,0.7233333333333334,
newest-wins-original,synthetic,lexical_only,100,stable_fact,correct,1,1.0,
newest-wins-original,synthetic,lexical_only,100,correction,correct,1,0.6333333333333333,
newest-wins-original,synthetic,lexical_only,100,repeated_fact,correct,1,1.0,
newest-wins-original,synthetic,lexical_only,100,contradictory_update,correct,1,0.7666666666666667,
newest-wins-original,synthetic,lexical_only,100,boolean,correct,1,0.0,
newest-wins-original,synthetic,lexical_only,100,goal,correct,1,0.9666666666666667,
newest-wins-original,synthetic,lexical_only,100,response_style,correct,1,0.9333333333333333,
newest-wins-original,synthetic,lexical_only,100,temporal,correct,1,0.9333333333333333,
newest-wins-original,synthetic,lexical_only,100,multi_fact,correct,1,0.0,
newest-wins-original,synthetic,lexical_only,100,paraphrase,correct,1,1.0,
newest-wins-original,synthetic,lexical_only,500,all,correct,1,0.68,
newest-wins-original,synthetic,lexical_only,500,stable_fact,correct,1,0.9565217391304348,
newest-wins-original,synthetic,lexical_only,500,correction,correct,1,0.782608695652174,
newest-wins-original,synthetic,lexical_only,500,repeated_fact,correct,1,1.0,
newest-wins-original,synthetic,lexical_only,500,contradictory_update,correct,1,0.5217391304347826,
newest-wins-original,synthetic,lexical_only,500,boolean,correct,1,0.0,
newest-wins-original,synthetic,lexical_only,500,goal,correct,1,1.0,
newest-wins-original,synthetic,lexical_only,500,response_style,correct,1,0.6818181818181818,
newest-wins-original,synthetic,lexical_only,500,temporal,correct,1,0.9545454545454546,
newest-wins-original,synthetic,lexical_only,500,multi_fact,correct,1,0.0,
newest-wins-original,synthetic,lexical_only,500,paraphrase,correct,1,0.9090909090909091,
newest-wins-original,synthetic,lexical_only,1000,all,correct,1,0.6666666666666666,
newest-wins-original,synthetic,lexical_only,1000,stable_fact,correct,1,1.0,
newest-wins-original,synthetic,lexical_only,1000,correction,correct,1,0.6,
newest-wins-original,synthetic,lexical_only,1000,repeated_fact,correct,1,0.9333333333333333,
newest-wins-original,synthetic,lexical_only,1000,contradictory_update,correct,1,0.7333333333333333,
newest-wins-original,synthetic,lexical_only,1000,boolean,correct,1,0.0,
newest-wins-original,synthetic,lexical_only,1000,goal,correct,1,0.9333333333333333,
newest-wins-original,synthetic,lexical_only,1000,response_style,correct,1,0.6,
newest-wins-original,synthetic,lexical_only,1000,temporal,correct,1,0.8666666666666667,
newest-wins-original,synthetic,lexical_only,1000,multi_fact,correct,1,0.0,
newest-wins-original,synthetic,lexical_only,1000,paraphrase,correct,1,1.0,
newest-wins-original,synthetic,lexical_only,5000,all,correct,1,0.6866666666666666,
newest-wins-original,synthetic,lexical_only,5000,stable_fact,correct,1,0.9333333333333333,
newest-wins-original,synthetic,lexical_only,5000,correction,correct,1,0.9333333333333333,
newest-wins-original,synthetic,lexical_only,5000,repeated_fact,correct,1,1.0,
newest-wins-original,synthetic,lexical_only,5000,contradictory_update,correct,1,0.6,
newest-wins-original,synthetic,lexical_only,5000,boolean,correct,1,0.0,
newest-wins-original,synthetic,lexical_only,5000,goal,correct,1,0.9333333333333333,
newest-wins-original,synthetic,lexical_only,5000,response_style,correct,1,0.7333333333333333,
newest-wins-original,synthetic,lexical_only,5000,temporal,correct,1,0.8666666666666667,
newest-wins-original,synthetic,lexical_only,5000,multi_fact,correct,1,0.0,
newest-wins-original,synthetic,lexical_only,5000,paraphrase,correct,1,0.8666666666666667,
ablations,locomo,chalm,,all,token_f1_diagnostic,3,0.23429018548954086,0.010730210881399463
ablations,locomo,chalm,,category-2,token_f1_diagnostic,3,0.2346072372060239,0.025117804981498768
ablations,locomo,chalm,,all,correct,3,0.10204766700234978,0.009316340440669969
ablations,locomo,chalm,,category-2,correct,3,0.02596053997923157,0.00475864558147024
ablations,locomo,chalm,,all,locomo_official_qa_score,3,0.3474715586766026,0.01816962547735739
ablations,locomo,chalm,,category-2,locomo_official_qa_score,3,0.24187011788257895,0.025638813347348185
ablations,locomo,chalm,,category-3,token_f1_diagnostic,3,0.0948787464720483,0.01675733606901333
ablations,locomo,chalm,,category-3,correct,3,0.03819444444444444,0.0060140653040586
ablations,locomo,chalm,,category-3,locomo_official_qa_score,3,0.117337577258717,0.019069343111593008
ablations,locomo,chalm,,category-1,token_f1_diagnostic,3,0.2068355200270496,0.008677533966791844
ablations,locomo,chalm,,category-1,correct,3,0.03664302600472813,0.004094682760210114
ablations,locomo,chalm,,category-1,locomo_official_qa_score,3,0.18954062365250457,0.005309987305422084
ablations,locomo,chalm,,category-4,token_f1_diagnostic,3,0.3825470577845619,0.01939211336030513
ablations,locomo,chalm,,category-4,correct,3,0.21442726912405866,0.020330271269492134
ablations,locomo,chalm,,category-4,locomo_official_qa_score,3,0.3920610516106799,0.01961158875194227
ablations,locomo,chalm,,category-5,token_f1_diagnostic,3,0.0018684603886397607,0.0006472536650107912
ablations,locomo,chalm,,category-5,correct,3,0.0,0.0
ablations,locomo,chalm,,category-5,locomo_official_qa_score,3,0.48878923766816146,0.04932735426008969
ablations,synthetic,lexical_only,100,all,correct,1,0.7233333333333334,
ablations,synthetic,lexical_only,100,stable_fact,correct,1,1.0,
ablations,synthetic,lexical_only,100,correction,correct,1,0.6333333333333333,
ablations,synthetic,lexical_only,100,repeated_fact,correct,1,1.0,
ablations,synthetic,lexical_only,100,contradictory_update,correct,1,0.7666666666666667,
ablations,synthetic,lexical_only,100,boolean,correct,1,0.0,
ablations,synthetic,lexical_only,100,goal,correct,1,0.9666666666666667,
ablations,synthetic,lexical_only,100,response_style,correct,1,0.9333333333333333,
ablations,synthetic,lexical_only,100,temporal,correct,1,0.9333333333333333,
ablations,synthetic,lexical_only,100,multi_fact,correct,1,0.0,
ablations,synthetic,lexical_only,100,paraphrase,correct,1,1.0,
ablations,synthetic,lexical_only,500,all,correct,1,0.68,
ablations,synthetic,lexical_only,500,stable_fact,correct,1,0.9565217391304348,
ablations,synthetic,lexical_only,500,correction,correct,1,0.782608695652174,
ablations,synthetic,lexical_only,500,repeated_fact,correct,1,1.0,
ablations,synthetic,lexical_only,500,contradictory_update,correct,1,0.5217391304347826,
ablations,synthetic,lexical_only,500,boolean,correct,1,0.0,
ablations,synthetic,lexical_only,500,goal,correct,1,1.0,
ablations,synthetic,lexical_only,500,response_style,correct,1,0.6818181818181818,
ablations,synthetic,lexical_only,500,temporal,correct,1,0.9545454545454546,
ablations,synthetic,lexical_only,500,multi_fact,correct,1,0.0,
ablations,synthetic,lexical_only,500,paraphrase,correct,1,0.9090909090909091,
ablations,synthetic,lexical_only,1000,all,correct,1,0.6533333333333333,
ablations,synthetic,lexical_only,1000,stable_fact,correct,1,1.0,
ablations,synthetic,lexical_only,1000,correction,correct,1,0.5333333333333333,
ablations,synthetic,lexical_only,1000,repeated_fact,correct,1,0.9333333333333333,
ablations,synthetic,lexical_only,1000,contradictory_update,correct,1,0.6666666666666666,
ablations,synthetic,lexical_only,1000,boolean,correct,1,0.0,
ablations,synthetic,lexical_only,1000,goal,correct,1,0.9333333333333333,
ablations,synthetic,lexical_only,1000,response_style,correct,1,0.6,
ablations,synthetic,lexical_only,1000,temporal,correct,1,1.0,
ablations,synthetic,lexical_only,1000,multi_fact,correct,1,0.0,
ablations,synthetic,lexical_only,1000,paraphrase,correct,1,0.8666666666666667,
ablations,synthetic,lexical_only,5000,all,correct,1,0.7066666666666667,
ablations,synthetic,lexical_only,5000,stable_fact,correct,1,0.9333333333333333,
ablations,synthetic,lexical_only,5000,correction,correct,1,0.9333333333333333,
ablations,synthetic,lexical_only,5000,repeated_fact,correct,1,1.0,
ablations,synthetic,lexical_only,5000,contradictory_update,correct,1,0.6666666666666666,
ablations,synthetic,lexical_only,5000,boolean,correct,1,0.0,
ablations,synthetic,lexical_only,5000,goal,correct,1,1.0,
ablations,synthetic,lexical_only,5000,response_style,correct,1,0.7333333333333333,
ablations,synthetic,lexical_only,5000,temporal,correct,1,0.8666666666666667,
ablations,synthetic,lexical_only,5000,multi_fact,correct,1,0.0,
ablations,synthetic,lexical_only,5000,paraphrase,correct,1,0.9333333333333333,
newest-wins-original,synthetic,chalm,100,all,correct,3,0.7277777777777777,0.10447399109259115
newest-wins-original,synthetic,chalm,100,stable_fact,correct,3,0.9888888888888889,0.01924500897298752
newest-wins-original,synthetic,chalm,100,correction,correct,3,0.9333333333333333,0.05773502691896256
newest-wins-original,synthetic,chalm,100,repeated_fact,correct,3,1.0,0.0
newest-wins-original,synthetic,chalm,100,contradictory_update,correct,3,0.9666666666666667,0.05773502691896256
newest-wins-original,synthetic,chalm,100,boolean,correct,3,0.3111111111111111,0.27148426050823593
newest-wins-original,synthetic,chalm,100,goal,correct,3,0.888888888888889,0.11706281947614151
newest-wins-original,synthetic,chalm,100,response_style,correct,3,1.0,0.0
newest-wins-original,synthetic,chalm,100,temporal,correct,3,0.5,0.43333333333333335
newest-wins-original,synthetic,chalm,100,multi_fact,correct,3,0.0,0.0
newest-wins-original,synthetic,chalm,100,paraphrase,correct,3,0.6888888888888889,0.3168128317640723
newest-wins-original,synthetic,chalm,500,all,correct,3,0.7288888888888889,0.08855492820076122
newest-wins-original,synthetic,chalm,500,stable_fact,correct,3,0.9855072463768116,0.025102185616940234
newest-wins-original,synthetic,chalm,500,correction,correct,3,0.9130434782608695,0.08695652173913043
newest-wins-original,synthetic,chalm,500,repeated_fact,correct,3,1.0,0.0
newest-wins-original,synthetic,chalm,500,contradictory_update,correct,3,0.9710144927536232,0.05020437123388053
newest-wins-original,synthetic,chalm,500,boolean,correct,3,0.2753623188405797,0.24722785665553595
newest-wins-original,synthetic,chalm,500,goal,correct,3,0.8636363636363636,0.13636363636363635
newest-wins-original,synthetic,chalm,500,response_style,correct,3,1.0,0.0
newest-wins-original,synthetic,chalm,500,temporal,correct,3,0.5909090909090909,0.4090909090909091
newest-wins-original,synthetic,chalm,500,multi_fact,correct,3,0.0,0.0
newest-wins-original,synthetic,chalm,500,paraphrase,correct,3,0.6666666666666666,0.25034411578573196
newest-wins-original,synthetic,chalm,1000,all,correct,3,0.7288888888888889,0.07343427396381469
newest-wins-original,synthetic,chalm,1000,stable_fact,correct,3,0.9555555555555556,0.07698003589195009
newest-wins-original,synthetic,chalm,1000,correction,correct,3,0.9111111111111111,0.03849001794597504
newest-wins-original,synthetic,chalm,1000,repeated_fact,correct,3,0.8222222222222222,0.3079201435678004
newest-wins-original,synthetic,chalm,1000,contradictory_update,correct,3,0.8444444444444444,0.07698003589195009
newest-wins-original,synthetic,chalm,1000,boolean,correct,3,0.17777777777777778,0.3079201435678004
newest-wins-original,synthetic,chalm,1000,goal,correct,3,1.0,0.0
newest-wins-original,synthetic,chalm,1000,response_style,correct,3,1.0,0.0
newest-wins-original,synthetic,chalm,1000,temporal,correct,3,0.7111111111111111,0.3849001794597505
newest-wins-original,synthetic,chalm,1000,multi_fact,correct,3,0.0,0.0
newest-wins-original,synthetic,chalm,1000,paraphrase,correct,3,0.8666666666666667,0.06666666666666665
newest-wins-original,synthetic,chalm,5000,all,correct,3,0.7111111111111111,0.060491811505849806
newest-wins-original,synthetic,chalm,5000,stable_fact,correct,3,0.9777777777777777,0.03849001794597504
newest-wins-original,synthetic,chalm,5000,correction,correct,3,0.9555555555555556,0.07698003589195009
newest-wins-original,synthetic,chalm,5000,repeated_fact,correct,3,0.9777777777777777,0.03849001794597504
newest-wins-original,synthetic,chalm,5000,contradictory_update,correct,3,0.9333333333333333,0.0
newest-wins-original,synthetic,chalm,5000,boolean,correct,3,0.06666666666666667,0.11547005383792516
newest-wins-original,synthetic,chalm,5000,goal,correct,3,1.0,0.0
newest-wins-original,synthetic,chalm,5000,response_style,correct,3,0.8444444444444444,0.2143033502442879
newest-wins-original,synthetic,chalm,5000,temporal,correct,3,0.8222222222222222,0.3079201435678004
newest-wins-original,synthetic,chalm,5000,multi_fact,correct,3,0.0,0.0
newest-wins-original,synthetic,chalm,5000,paraphrase,correct,3,0.5333333333333333,0.33333333333333337
priority,locomo,hybrid_fifo_rag,,all,token_f1_diagnostic,1,0.19664113645229453,
priority,locomo,hybrid_fifo_rag,,category-2,token_f1_diagnostic,1,0.22894537100144577,
priority,locomo,hybrid_fifo_rag,,all,correct,1,0.07603222557905337,
priority,locomo,hybrid_fifo_rag,,category-2,correct,1,0.009345794392523364,
priority,locomo,hybrid_fifo_rag,,all,locomo_official_qa_score,1,0.3217644416712382,
priority,locomo,hybrid_fifo_rag,,category-2,locomo_official_qa_score,1,0.23535514329906854,
priority,locomo,hybrid_fifo_rag,,category-3,token_f1_diagnostic,1,0.051021635018103674,
priority,locomo,hybrid_fifo_rag,,category-3,correct,1,0.010416666666666666,
priority,locomo,hybrid_fifo_rag,,category-3,locomo_official_qa_score,1,0.07036208288743785,
priority,locomo,hybrid_fifo_rag,,category-1,token_f1_diagnostic,1,0.13961780312315933,
priority,locomo,hybrid_fifo_rag,,category-1,correct,1,0.028368794326241134,
priority,locomo,hybrid_fifo_rag,,category-1,locomo_official_qa_score,1,0.13058516052742467,
priority,locomo,hybrid_fifo_rag,,category-4,token_f1_diagnostic,1,0.32314808021441616,
priority,locomo,hybrid_fifo_rag,,category-4,correct,1,0.16409036860879905,
priority,locomo,hybrid_fifo_rag,,category-4,locomo_official_qa_score,1,0.33281260990981004,
priority,locomo,hybrid_fifo_rag,,category-5,token_f1_diagnostic,1,0.002242152466367713,
priority,locomo,hybrid_fifo_rag,,category-5,correct,1,0.002242152466367713,
priority,locomo,hybrid_fifo_rag,,category-5,locomo_official_qa_score,1,0.5381165919282511,
ablations,locomo,centered_zero,,all,token_f1_diagnostic,3,0.21588354374758892,0.0
ablations,locomo,centered_zero,,category-2,token_f1_diagnostic,3,0.2599941304073129,0.0
ablations,locomo,centered_zero,,all,correct,3,0.07955689828801611,0.0
ablations,locomo,centered_zero,,category-2,correct,3,0.018691588785046728,0.0
ablations,locomo,centered_zero,,all,locomo_official_qa_score,3,0.32378763132022287,0.0
ablations,locomo,centered_zero,,category-2,locomo_official_qa_score,3,0.266793797085166,0.0
ablations,locomo,centered_zero,,category-3,token_f1_diagnostic,3,0.08299834124365296,0.0
ablations,locomo,centered_zero,,category-3,correct,3,0.041666666666666664,0.0
ablations,locomo,centered_zero,,category-3,locomo_official_qa_score,3,0.10226509103560305,0.0
ablations,locomo,centered_zero,,category-1,token_f1_diagnostic,3,0.16583136060859693,0.0
ablations,locomo,centered_zero,,category-1,correct,3,0.01773049645390071,0.0
ablations,locomo,centered_zero,,category-1,locomo_official_qa_score,3,0.15704320285315057,0.0
ablations,locomo,centered_zero,,category-4,token_f1_diagnostic,3,0.3448921730926862,0.0
ablations,locomo,centered_zero,,category-4,correct,3,0.1700356718192628,0.0
ablations,locomo,centered_zero,,category-4,locomo_official_qa_score,3,0.3535051070078692,0.0
ablations,locomo,centered_zero,,category-5,token_f1_diagnostic,3,0.0011210762331838565,0.0
ablations,locomo,centered_zero,,category-5,correct,3,0.0,0.0
ablations,locomo,centered_zero,,category-5,locomo_official_qa_score,3,0.4618834080717489,0.0
ablations,synthetic,centered_zero,100,all,correct,3,0.7133333333333334,0.0
ablations,synthetic,centered_zero,100,stable_fact,correct,3,0.9666666666666667,0.0
ablations,synthetic,centered_zero,100,correction,correct,3,0.9333333333333333,0.0
ablations,synthetic,centered_zero,100,repeated_fact,correct,3,1.0,0.0
ablations,synthetic,centered_zero,100,contradictory_update,correct,3,0.9666666666666667,0.0
ablations,synthetic,centered_zero,100,boolean,correct,3,0.0,0.0
ablations,synthetic,centered_zero,100,goal,correct,3,1.0,0.0
ablations,synthetic,centered_zero,100,response_style,correct,3,0.6333333333333333,0.0
ablations,synthetic,centered_zero,100,temporal,correct,3,0.8,0.0
ablations,synthetic,centered_zero,100,multi_fact,correct,3,0.0,0.0
ablations,synthetic,centered_zero,100,paraphrase,correct,3,0.8333333333333334,0.0
ablations,synthetic,centered_zero,500,all,correct,3,0.6977777777777778,0.0
ablations,synthetic,centered_zero,500,stable_fact,correct,3,1.0,0.0
ablations,synthetic,centered_zero,500,correction,correct,3,1.0,0.0
ablations,synthetic,centered_zero,500,repeated_fact,correct,3,1.0,0.0
ablations,synthetic,centered_zero,500,contradictory_update,correct,3,1.0,0.0
ablations,synthetic,centered_zero,500,boolean,correct,3,0.0,0.0
ablations,synthetic,centered_zero,500,goal,correct,3,0.7727272727272727,0.0
ablations,synthetic,centered_zero,500,response_style,correct,3,0.7272727272727273,0.0
ablations,synthetic,centered_zero,500,temporal,correct,3,0.8181818181818182,0.0
ablations,synthetic,centered_zero,500,multi_fact,correct,3,0.0,0.0
ablations,synthetic,centered_zero,500,paraphrase,correct,3,0.6363636363636364,0.0
ablations,synthetic,centered_zero,1000,all,correct,3,0.64,0.0
ablations,synthetic,centered_zero,1000,stable_fact,correct,3,0.9333333333333333,0.0
ablations,synthetic,centered_zero,1000,correction,correct,3,0.8666666666666667,0.0
ablations,synthetic,centered_zero,1000,repeated_fact,correct,3,0.7333333333333333,0.0
ablations,synthetic,centered_zero,1000,contradictory_update,correct,3,0.9333333333333333,0.0
ablations,synthetic,centered_zero,1000,boolean,correct,3,0.0,0.0
ablations,synthetic,centered_zero,1000,goal,correct,3,0.8,0.0
ablations,synthetic,centered_zero,1000,response_style,correct,3,0.4666666666666667,0.0
ablations,synthetic,centered_zero,1000,temporal,correct,3,0.8666666666666667,0.0
ablations,synthetic,centered_zero,1000,multi_fact,correct,3,0.0,0.0
ablations,synthetic,centered_zero,1000,paraphrase,correct,3,0.8,0.0
ablations,synthetic,centered_zero,5000,all,correct,3,0.6666666666666666,0.0
ablations,synthetic,centered_zero,5000,stable_fact,correct,3,0.9333333333333333,0.0
ablations,synthetic,centered_zero,5000,correction,correct,3,0.9333333333333333,0.0
ablations,synthetic,centered_zero,5000,repeated_fact,correct,3,0.4,0.0
ablations,synthetic,centered_zero,5000,contradictory_update,correct,3,0.9333333333333333,0.0
ablations,synthetic,centered_zero,5000,boolean,correct,3,0.0,0.0
ablations,synthetic,centered_zero,5000,goal,correct,3,0.9333333333333333,0.0
ablations,synthetic,centered_zero,5000,response_style,correct,3,0.8666666666666667,0.0
ablations,synthetic,centered_zero,5000,temporal,correct,3,0.9333333333333333,0.0
ablations,synthetic,centered_zero,5000,multi_fact,correct,3,0.0,0.0
ablations,synthetic,centered_zero,5000,paraphrase,correct,3,0.7333333333333333,0.0
ablations,longmemeval,uncentered,,all,token_f1_diagnostic,3,0.24523039916412193,0.031252550332276474
ablations,longmemeval,uncentered,,single-session-user,token_f1_diagnostic,3,0.49309545272932,0.07637626158259735
ablations,longmemeval,uncentered,,all,correct,3,0.16296296296296295,0.015765775299105753
ablations,longmemeval,uncentered,,single-session-user,correct,3,0.36666666666666664,0.07637626158259735
ablations,longmemeval,uncentered,,multi-session,token_f1_diagnostic,3,0.09734572203646001,0.032792715261163174
ablations,longmemeval,uncentered,,multi-session,correct,3,0.06766917293233082,0.03007518796992481
ablations,longmemeval,uncentered,,single-session-preference,token_f1_diagnostic,3,0.053462462263102944,0.007293149933972717
ablations,longmemeval,uncentered,,single-session-preference,correct,3,0.0,0.0
ablations,longmemeval,uncentered,,temporal-reasoning,token_f1_diagnostic,3,0.15395737293117728,0.0468455500893676
ablations,longmemeval,uncentered,,temporal-reasoning,correct,3,0.06265664160401002,0.022970304235367618
ablations,longmemeval,uncentered,,knowledge-update,token_f1_diagnostic,3,0.48507100436925,0.02338702288280757
ablations,longmemeval,uncentered,,knowledge-update,correct,3,0.38461538461538464,0.02220577958421636
ablations,longmemeval,uncentered,,single-session-assistant,token_f1_diagnostic,3,0.49337583446210914,0.034562613027682605
ablations,longmemeval,uncentered,,single-session-assistant,correct,3,0.3333333333333333,0.027277236279499066
ablations,locomo,uncentered,,all,token_f1_diagnostic,3,0.22161322666336922,0.02562024381412462
ablations,locomo,uncentered,,category-2,token_f1_diagnostic,3,0.22817478567738173,0.03862012405507512
ablations,locomo,uncentered,,all,correct,3,0.0924806982208795,0.014155522534559078
ablations,locomo,uncentered,,category-2,correct,3,0.02388369678089304,0.009517291162940476
ablations,locomo,uncentered,,all,locomo_official_qa_score,3,0.34067151267970647,0.020571318038192128
ablations,locomo,uncentered,,category-2,locomo_official_qa_score,3,0.23494930566329664,0.03914792944649462
ablations,locomo,uncentered,,category-3,token_f1_diagnostic,3,0.0776231906028529,0.004539148846637806
ablations,locomo,uncentered,,category-3,correct,3,0.034722222222222224,0.0060140653040586
ablations,locomo,uncentered,,category-3,locomo_official_qa_score,3,0.09801288830073501,0.005144592045723947
ablations,locomo,uncentered,,category-1,token_f1_diagnostic,3,0.1886355052103381,0.023341113579841866
ablations,locomo,uncentered,,category-1,correct,3,0.027186761229314422,0.01083351228121948
ablations,locomo,uncentered,,category-1,locomo_official_qa_score,3,0.17224957299834148,0.025560734113230062
ablations,locomo,uncentered,,category-4,token_f1_diagnostic,3,0.3631383945903558,0.03943845783003793
ablations,locomo,uncentered,,category-4,correct,3,0.1961950059453032,0.02575078219703653
ablations,locomo,uncentered,,category-4,locomo_official_qa_score,3,0.37079422933203643,0.04234873549600243
ablations,locomo,uncentered,,category-5,token_f1_diagnostic,3,0.0018684603886397607,0.0006472536650107912
ablations,locomo,uncentered,,category-5,correct,3,0.0,0.0
ablations,locomo,uncentered,,category-5,locomo_official_qa_score,3,0.5186846038863976,0.062311403130328014
ablations,synthetic,difference_prefix,100,all,correct,3,0.7288888888888889,0.06049181150584978
ablations,synthetic,difference_prefix,100,stable_fact,correct,3,0.9777777777777777,0.01924500897298752
ablations,synthetic,difference_prefix,100,correction,correct,3,0.9111111111111111,0.01924500897298752
ablations,synthetic,difference_prefix,100,repeated_fact,correct,3,0.9888888888888889,0.01924500897298752
ablations,synthetic,difference_prefix,100,contradictory_update,correct,3,0.9444444444444444,0.06938886664887108
ablations,synthetic,difference_prefix,100,boolean,correct,3,0.19999999999999998,0.34641016151377546
ablations,synthetic,difference_prefix,100,goal,correct,3,0.9666666666666667,0.033333333333333326
ablations,synthetic,difference_prefix,100,response_style,correct,3,0.9888888888888889,0.01924500897298752
ablations,synthetic,difference_prefix,100,temporal,correct,3,0.45555555555555555,0.3790827135384885
ablations,synthetic,difference_prefix,100,multi_fact,correct,3,0.0,0.0
ablations,synthetic,difference_prefix,100,paraphrase,correct,3,0.8555555555555555,0.1387777332977422
ablations,synthetic,difference_prefix,500,all,correct,3,0.7481481481481481,0.10138140510178145
ablations,synthetic,difference_prefix,500,stable_fact,correct,3,0.9565217391304348,0.07530655685082077
ablations,synthetic,difference_prefix,500,correction,correct,3,0.9565217391304348,0.07530655685082077
ablations,synthetic,difference_prefix,500,repeated_fact,correct,3,1.0,0.0
ablations,synthetic,difference_prefix,500,contradictory_update,correct,3,0.9565217391304348,0.043478260869565244
ablations,synthetic,difference_prefix,500,boolean,correct,3,0.2753623188405797,0.47694152672186474
ablations,synthetic,difference_prefix,500,goal,correct,3,0.9848484848484849,0.026243194054073875
ablations,synthetic,difference_prefix,500,response_style,correct,3,0.9848484848484849,0.026243194054073875
ablations,synthetic,difference_prefix,500,temporal,correct,3,0.5454545454545454,0.48104569292083466
ablations,synthetic,difference_prefix,500,multi_fact,correct,3,0.0,0.0
ablations,synthetic,difference_prefix,500,paraphrase,correct,3,0.803030303030303,0.138865930150177
ablations,synthetic,difference_prefix,1000,all,correct,3,0.5844444444444444,0.34165176119248375
ablations,synthetic,difference_prefix,1000,stable_fact,correct,3,1.0,0.0
ablations,synthetic,difference_prefix,1000,correction,correct,3,0.6444444444444445,0.5590998055737388
ablations,synthetic,difference_prefix,1000,repeated_fact,correct,3,0.9111111111111111,0.10183501544346309
ablations,synthetic,difference_prefix,1000,contradictory_update,correct,3,0.5555555555555556,0.49140765305546624
ablations,synthetic,difference_prefix,1000,boolean,correct,3,0.24444444444444444,0.42339019740572553
ablations,synthetic,difference_prefix,1000,goal,correct,3,0.6888888888888889,0.48227854253801566
ablations,synthetic,difference_prefix,1000,response_style,correct,3,0.6666666666666666,0.5773502691896257
ablations,synthetic,difference_prefix,1000,temporal,correct,3,0.6,0.5291502622129182
ablations,synthetic,difference_prefix,1000,multi_fact,correct,3,0.0,0.0
ablations,synthetic,difference_prefix,1000,paraphrase,correct,3,0.5333333333333333,0.43716256828680006
ablations,synthetic,difference_prefix,5000,all,correct,3,0.6844444444444445,0.18503252967258768
ablations,synthetic,difference_prefix,5000,stable_fact,correct,3,0.9777777777777777,0.03849001794597504
ablations,synthetic,difference_prefix,5000,correction,correct,3,0.8666666666666667,0.1763834207376394
ablations,synthetic,difference_prefix,5000,repeated_fact,correct,3,0.8444444444444444,0.26943012562182533
ablations,synthetic,difference_prefix,5000,contradictory_update,correct,3,0.6888888888888889,0.3671713698190735
ablations,synthetic,difference_prefix,5000,boolean,correct,3,0.2888888888888889,0.44388854123195953
ablations,synthetic,difference_prefix,5000,goal,correct,3,0.9555555555555556,0.03849001794597504
ablations,synthetic,difference_prefix,5000,response_style,correct,3,0.8222222222222222,0.3079201435678004
ablations,synthetic,difference_prefix,5000,temporal,correct,3,0.6,0.24037008503093263
ablations,synthetic,difference_prefix,5000,multi_fact,correct,3,0.0,0.0
ablations,synthetic,difference_prefix,5000,paraphrase,correct,3,0.8,0.2
newest-wins-original,locomo,chalm,,all,token_f1_diagnostic,3,0.23891284664552004,0.011750926425739876
newest-wins-original,locomo,chalm,,category-2,token_f1_diagnostic,3,0.2399489475321579,0.023418583357716447
newest-wins-original,locomo,chalm,,all,correct,3,0.10473313192346426,0.010513903835760877
newest-wins-original,locomo,chalm,,category-2,correct,3,0.02388369678089304,0.0035971979388761733
newest-wins-original,locomo,chalm,,all,locomo_official_qa_score,3,0.3511141620646226,0.01944426273607028
newest-wins-original,locomo,chalm,,category-2,locomo_official_qa_score,3,0.246492324451826,0.023901694390533974
newest-wins-original,locomo,chalm,,category-3,token_f1_diagnostic,3,0.08705909084140234,0.014132952667470298
newest-wins-original,locomo,chalm,,category-3,correct,3,0.034722222222222224,0.0060140653040586
newest-wins-original,locomo,chalm,,category-3,locomo_official_qa_score,3,0.10788948636481409,0.012971714139548294
newest-wins-original,locomo,chalm,,category-1,token_f1_diagnostic,3,0.2039134703074272,0.008294452675756238
newest-wins-original,locomo,chalm,,category-1,correct,3,0.037825059101654845,0.005416756140609741
newest-wins-original,locomo,chalm,,category-1,locomo_official_qa_score,3,0.18836545700581872,0.00546512352223433
newest-wins-original,locomo,chalm,,category-4,token_f1_diagnostic,3,0.3932969043987844,0.021265241885811387
newest-wins-original,locomo,chalm,,category-4,correct,3,0.22156163297661513,0.022508554680143764
newest-wins-original,locomo,chalm,,category-4,locomo_official_qa_score,3,0.4011639795616027,0.023569878089247234
newest-wins-original,locomo,chalm,,category-5,token_f1_diagnostic,3,0.0018684603886397607,0.0006472536650107912
newest-wins-original,locomo,chalm,,category-5,correct,3,0.0,0.0
newest-wins-original,locomo,chalm,,category-5,locomo_official_qa_score,3,0.4872944693572496,0.04794922251822254
ordering,synthetic,chalm_score_order,100,all,correct,1,0.8466666666666667,
ordering,synthetic,chalm_score_order,100,stable_fact,correct,1,1.0,
ordering,synthetic,chalm_score_order,100,correction,correct,1,0.9666666666666667,
ordering,synthetic,chalm_score_order,100,repeated_fact,correct,1,1.0,
ordering,synthetic,chalm_score_order,100,contradictory_update,correct,1,1.0,
ordering,synthetic,chalm_score_order,100,boolean,correct,1,0.5,
ordering,synthetic,chalm_score_order,100,goal,correct,1,1.0,
ordering,synthetic,chalm_score_order,100,response_style,correct,1,1.0,
ordering,synthetic,chalm_score_order,100,temporal,correct,1,1.0,
ordering,synthetic,chalm_score_order,100,multi_fact,correct,1,0.0,
ordering,synthetic,chalm_score_order,100,paraphrase,correct,1,1.0,
ordering,synthetic,chalm_score_order,500,all,correct,1,0.8266666666666667,
ordering,synthetic,chalm_score_order,500,stable_fact,correct,1,1.0,
ordering,synthetic,chalm_score_order,500,correction,correct,1,1.0,
ordering,synthetic,chalm_score_order,500,repeated_fact,correct,1,1.0,
ordering,synthetic,chalm_score_order,500,contradictory_update,correct,1,1.0,
ordering,synthetic,chalm_score_order,500,boolean,correct,1,0.30434782608695654,
ordering,synthetic,chalm_score_order,500,goal,correct,1,1.0,
ordering,synthetic,chalm_score_order,500,response_style,correct,1,1.0,
ordering,synthetic,chalm_score_order,500,temporal,correct,1,1.0,
ordering,synthetic,chalm_score_order,500,multi_fact,correct,1,0.0,
ordering,synthetic,chalm_score_order,500,paraphrase,correct,1,0.9545454545454546,
ordering,synthetic,chalm_score_order,1000,all,correct,1,0.8266666666666667,
ordering,synthetic,chalm_score_order,1000,stable_fact,correct,1,1.0,
ordering,synthetic,chalm_score_order,1000,correction,correct,1,1.0,
ordering,synthetic,chalm_score_order,1000,repeated_fact,correct,1,1.0,
ordering,synthetic,chalm_score_order,1000,contradictory_update,correct,1,0.8666666666666667,
ordering,synthetic,chalm_score_order,1000,boolean,correct,1,0.5333333333333333,
ordering,synthetic,chalm_score_order,1000,goal,correct,1,1.0,
ordering,synthetic,chalm_score_order,1000,response_style,correct,1,1.0,
ordering,synthetic,chalm_score_order,1000,temporal,correct,1,0.9333333333333333,
ordering,synthetic,chalm_score_order,1000,multi_fact,correct,1,0.0,
ordering,synthetic,chalm_score_order,1000,paraphrase,correct,1,0.9333333333333333,
ordering,synthetic,chalm_score_order,5000,all,correct,1,0.7733333333333333,
ordering,synthetic,chalm_score_order,5000,stable_fact,correct,1,1.0,
ordering,synthetic,chalm_score_order,5000,correction,correct,1,1.0,
ordering,synthetic,chalm_score_order,5000,repeated_fact,correct,1,1.0,
ordering,synthetic,chalm_score_order,5000,contradictory_update,correct,1,0.9333333333333333,
ordering,synthetic,chalm_score_order,5000,boolean,correct,1,0.4,
ordering,synthetic,chalm_score_order,5000,goal,correct,1,1.0,
ordering,synthetic,chalm_score_order,5000,response_style,correct,1,0.6,
ordering,synthetic,chalm_score_order,5000,temporal,correct,1,1.0,
ordering,synthetic,chalm_score_order,5000,multi_fact,correct,1,0.0,
ordering,synthetic,chalm_score_order,5000,paraphrase,correct,1,0.8,
ablations,locomo,difference_prefix,,all,token_f1_diagnostic,3,0.22152743049979193,0.02464962918629434
ablations,locomo,difference_prefix,,category-2,token_f1_diagnostic,3,0.22816527632207798,0.04165971974815753
ablations,locomo,difference_prefix,,all,correct,3,0.09113796576032225,0.015130895469603944
ablations,locomo,difference_prefix,,category-2,correct,3,0.02284527518172378,0.00783991114773702
ablations,locomo,difference_prefix,,all,locomo_official_qa_score,3,0.3395952982701674,0.01922908182004587
ablations,locomo,difference_prefix,,category-2,locomo_official_qa_score,3,0.23505711293621295,0.042056969625221874
ablations,locomo,difference_prefix,,category-3,token_f1_diagnostic,3,0.07539300342642916,0.00565353506764338
ablations,locomo,difference_prefix,,category-3,correct,3,0.03125,0.0
ablations,locomo,difference_prefix,,category-3,locomo_official_qa_score,3,0.09649804625280473,0.0027935580812007872
ablations,locomo,difference_prefix,,category-1,token_f1_diagnostic,3,0.18974338061071194,0.015867069515713306
ablations,locomo,difference_prefix,,category-1,correct,3,0.027186761229314422,0.008924154178807034
ablations,locomo,difference_prefix,,category-1,locomo_official_qa_score,3,0.1733967795109504,0.018408478754396003
ablations,locomo,difference_prefix,,category-4,token_f1_diagnostic,3,0.3628225068712348,0.039241708121070314
ablations,locomo,difference_prefix,,category-4,correct,3,0.1938168846611177,0.03015153943663726
ablations,locomo,difference_prefix,,category-4,locomo_official_qa_score,3,0.3691889316484393,0.04246881261900724
ablations,locomo,difference_prefix,,category-5,token_f1_diagnostic,3,0.0018684603886397607,0.0006472536650107912
ablations,locomo,difference_prefix,,category-5,correct,3,0.0,0.0
ablations,locomo,difference_prefix,,category-5,locomo_official_qa_score,3,0.5164424514200299,0.06231140313032799
priority,longmemeval,hybrid_growing_rag,,all,token_f1_diagnostic,1,0.2544678238647393,
priority,longmemeval,hybrid_growing_rag,,single-session-user,token_f1_diagnostic,1,0.3635716432055105,
priority,longmemeval,hybrid_growing_rag,,all,correct,1,0.18222222222222223,
priority,longmemeval,hybrid_growing_rag,,single-session-user,correct,1,0.3,
priority,longmemeval,hybrid_growing_rag,,multi-session,token_f1_diagnostic,1,0.08243540888550452,
priority,longmemeval,hybrid_growing_rag,,multi-session,correct,1,0.06015037593984962,
priority,longmemeval,hybrid_growing_rag,,single-session-preference,token_f1_diagnostic,1,0.040484705741155654,
priority,longmemeval,hybrid_growing_rag,,single-session-preference,correct,1,0.0,
priority,longmemeval,hybrid_growing_rag,,temporal-reasoning,token_f1_diagnostic,1,0.16807503199998888,
priority,longmemeval,hybrid_growing_rag,,temporal-reasoning,correct,1,0.09022556390977443,
priority,longmemeval,hybrid_growing_rag,,knowledge-update,token_f1_diagnostic,1,0.5000480026795816,
priority,longmemeval,hybrid_growing_rag,,knowledge-update,correct,1,0.3974358974358974,
priority,longmemeval,hybrid_growing_rag,,single-session-assistant,token_f1_diagnostic,1,0.601837747428747,
priority,longmemeval,hybrid_growing_rag,,single-session-assistant,correct,1,0.44642857142857145,
retrieval,longmemeval,bm25_cache,,all,token_f1_diagnostic,1,0.19975859232210635,
retrieval,longmemeval,bm25_cache,,single-session-user,token_f1_diagnostic,1,0.38976211939598665,
retrieval,longmemeval,bm25_cache,,all,correct,1,0.13555555555555557,
retrieval,longmemeval,bm25_cache,,single-session-user,correct,1,0.25,
retrieval,longmemeval,bm25_cache,,multi-session,token_f1_diagnostic,1,0.06985395525141931,
retrieval,longmemeval,bm25_cache,,multi-session,correct,1,0.045112781954887216,
retrieval,longmemeval,bm25_cache,,single-session-preference,token_f1_diagnostic,1,0.037637663163989546,
retrieval,longmemeval,bm25_cache,,single-session-preference,correct,1,0.0,
retrieval,longmemeval,bm25_cache,,temporal-reasoning,token_f1_diagnostic,1,0.12611623891337623,
retrieval,longmemeval,bm25_cache,,temporal-reasoning,correct,1,0.05263157894736842,
retrieval,longmemeval,bm25_cache,,knowledge-update,token_f1_diagnostic,1,0.44735717498875394,
retrieval,longmemeval,bm25_cache,,knowledge-update,correct,1,0.3717948717948718,
retrieval,longmemeval,bm25_cache,,single-session-assistant,token_f1_diagnostic,1,0.3573053355190684,
retrieval,longmemeval,bm25_cache,,single-session-assistant,correct,1,0.25,
ablations,locomo,hybrid_text,,all,token_f1_diagnostic,3,0.20210271193188842,0.0
ablations,locomo,hybrid_text,,category-2,token_f1_diagnostic,3,0.22762718416924024,0.0
ablations,locomo,hybrid_text,,all,correct,3,0.07955689828801611,0.0
ablations,locomo,hybrid_text,,category-2,correct,3,0.018691588785046728,0.0
ablations,locomo,hybrid_text,,all,locomo_official_qa_score,3,0.3373675465209673,0.0
ablations,locomo,hybrid_text,,category-2,locomo_official_qa_score,3,0.23297847877287128,0.0
ablations,locomo,hybrid_text,,category-3,token_f1_diagnostic,3,0.052688378711501775,0.0
ablations,locomo,hybrid_text,,category-3,correct,3,0.020833333333333332,0.0
ablations,locomo,hybrid_text,,category-3,locomo_official_qa_score,3,0.06718579448479797,0.0
ablations,locomo,hybrid_text,,category-1,token_f1_diagnostic,3,0.15536253942780856,0.0
ablations,locomo,hybrid_text,,category-1,correct,3,0.024822695035460994,0.0
ablations,locomo,hybrid_text,,category-1,locomo_official_qa_score,3,0.14145935689936764,0.0
ablations,locomo,hybrid_text,,category-4,token_f1_diagnostic,3,0.3310788814547659,0.0
ablations,locomo,hybrid_text,,category-4,correct,3,0.16884661117717004,0.0
ablations,locomo,hybrid_text,,category-4,locomo_official_qa_score,3,0.34112304493268386,0.0
ablations,locomo,hybrid_text,,category-5,token_f1_diagnostic,3,0.002242152466367713,0.0
ablations,locomo,hybrid_text,,category-5,correct,3,0.002242152466367713,0.0
ablations,locomo,hybrid_text,,category-5,locomo_official_qa_score,3,0.5874439461883408,0.0
priority,longmemeval,hybrid_fifo_rag,,all,token_f1_diagnostic,1,0.23239172881111914,
priority,longmemeval,hybrid_fifo_rag,,single-session-user,token_f1_diagnostic,1,0.3969049765388438,
priority,longmemeval,hybrid_fifo_rag,,all,correct,1,0.15777777777777777,
priority,longmemeval,hybrid_fifo_rag,,single-session-user,correct,1,0.3,
priority,longmemeval,hybrid_fifo_rag,,multi-session,token_f1_diagnostic,1,0.09651226769920544,
priority,longmemeval,hybrid_fifo_rag,,multi-session,correct,1,0.07518796992481203,
priority,longmemeval,hybrid_fifo_rag,,single-session-preference,token_f1_diagnostic,1,0.04187717519810914,
priority,longmemeval,hybrid_fifo_rag,,single-session-preference,correct,1,0.0,
priority,longmemeval,hybrid_fifo_rag,,temporal-reasoning,token_f1_diagnostic,1,0.14413291970686207,
priority,longmemeval,hybrid_fifo_rag,,temporal-reasoning,correct,1,0.05263157894736842,
priority,longmemeval,hybrid_fifo_rag,,knowledge-update,token_f1_diagnostic,1,0.4602100628416418,
priority,longmemeval,hybrid_fifo_rag,,knowledge-update,correct,1,0.3717948717948718,
priority,longmemeval,hybrid_fifo_rag,,single-session-assistant,token_f1_diagnostic,1,0.49070836342193613,
priority,longmemeval,hybrid_fifo_rag,,single-session-assistant,correct,1,0.3392857142857143,
priority,locomo,hybrid_growing_rag,,all,token_f1_diagnostic,1,0.21621506934346688,
priority,locomo,hybrid_growing_rag,,category-2,token_f1_diagnostic,1,0.26746419036138663,
priority,locomo,hybrid_growing_rag,,all,correct,1,0.081067472306143,
priority,locomo,hybrid_growing_rag,,category-2,correct,1,0.012461059190031152,
priority,locomo,hybrid_growing_rag,,all,locomo_official_qa_score,1,0.33714379497018315,
priority,locomo,hybrid_growing_rag,,category-2,locomo_official_qa_score,1,0.27443311275086973,
priority,locomo,hybrid_growing_rag,,category-3,token_f1_diagnostic,1,0.058959486693861696,
priority,locomo,hybrid_growing_rag,,category-3,correct,1,0.020833333333333332,
priority,locomo,hybrid_growing_rag,,category-3,locomo_official_qa_score,1,0.07667250636238339,
priority,locomo,hybrid_growing_rag,,category-1,token_f1_diagnostic,1,0.15919178120035857,
priority,locomo,hybrid_growing_rag,,category-1,correct,1,0.031914893617021274,
priority,locomo,hybrid_growing_rag,,category-1,locomo_official_qa_score,1,0.13957517987935475,
priority,locomo,hybrid_growing_rag,,category-4,token_f1_diagnostic,1,0.3471996784649326,
priority,locomo,hybrid_growing_rag,,category-4,correct,1,0.1724137931034483,
priority,locomo,hybrid_growing_rag,,category-4,locomo_official_qa_score,1,0.35523636894291044,
priority,locomo,hybrid_growing_rag,,category-5,token_f1_diagnostic,1,0.002242152466367713,
priority,locomo,hybrid_growing_rag,,category-5,correct,1,0.002242152466367713,
priority,locomo,hybrid_growing_rag,,category-5,locomo_official_qa_score,1,0.5291479820627802,
newest-wins-original,longmemeval,chalm,,all,token_f1_diagnostic,3,0.2547593764818008,0.014893235745943374
newest-wins-original,longmemeval,chalm,,single-session-user,token_f1_diagnostic,3,0.5402299556532966,0.11059943742921746
newest-wins-original,longmemeval,chalm,,all,correct,3,0.1711111111111111,0.004444444444444445
newest-wins-original,longmemeval,chalm,,single-session-user,correct,3,0.4,0.1
newest-wins-original,longmemeval,chalm,,multi-session,token_f1_diagnostic,3,0.10717409105411635,0.0029647365271767215
newest-wins-original,longmemeval,chalm,,multi-session,correct,3,0.07268170426065163,0.004340979467591171
newest-wins-original,longmemeval,chalm,,single-session-preference,token_f1_diagnostic,3,0.061475843045355576,0.021978218168560916
newest-wins-original,longmemeval,chalm,,single-session-preference,correct,3,0.0,0.0
newest-wins-original,longmemeval,chalm,,temporal-reasoning,token_f1_diagnostic,3,0.16755853543520746,0.020091993689228344
newest-wins-original,longmemeval,chalm,,temporal-reasoning,correct,3,0.08270676691729323,0.007518796992481203
newest-wins-original,longmemeval,chalm,,knowledge-update,token_f1_diagnostic,3,0.4917248443564233,0.03168723492753171
newest-wins-original,longmemeval,chalm,,knowledge-update,correct,3,0.3846153846153846,0.03391988860339218
newest-wins-original,longmemeval,chalm,,single-session-assistant,token_f1_diagnostic,3,0.48390835409826194,0.028120952377904008
newest-wins-original,longmemeval,chalm,,single-session-assistant,correct,3,0.3273809523809524,0.020619652471058087
retrieval,locomo,bm25_growing_rag,,all,token_f1_diagnostic,1,0.20257661881201716,
retrieval,locomo,bm25_growing_rag,,category-2,token_f1_diagnostic,1,0.24196197218823878,
retrieval,locomo,bm25_growing_rag,,all,correct,1,0.08459214501510574,
retrieval,locomo,bm25_growing_rag,,category-2,correct,1,0.021806853582554516,
retrieval,locomo,bm25_growing_rag,,all,locomo_official_qa_score,1,0.324092912624704,
retrieval,locomo,bm25_growing_rag,,category-2,locomo_official_qa_score,1,0.2499978387828855,
retrieval,locomo,bm25_growing_rag,,category-3,token_f1_diagnostic,1,0.06580035258503929,
retrieval,locomo,bm25_growing_rag,,category-3,correct,1,0.020833333333333332,
retrieval,locomo,bm25_growing_rag,,category-3,locomo_official_qa_score,1,0.08352097981029226,
retrieval,locomo,bm25_growing_rag,,category-1,token_f1_diagnostic,1,0.11759839652291593,
retrieval,locomo,bm25_growing_rag,,category-1,correct,1,0.024822695035460994,
retrieval,locomo,bm25_growing_rag,,category-1,locomo_official_qa_score,1,0.1004225582256739,
retrieval,locomo,bm25_growing_rag,,category-4,token_f1_diagnostic,1,0.3378927351018019,
retrieval,locomo,bm25_growing_rag,,category-4,correct,1,0.17954815695600476,
retrieval,locomo,bm25_growing_rag,,category-4,locomo_official_qa_score,1,0.34727948007363596,
retrieval,locomo,bm25_growing_rag,,category-5,token_f1_diagnostic,1,0.002242152466367713,
retrieval,locomo,bm25_growing_rag,,category-5,correct,1,0.002242152466367713,
retrieval,locomo,bm25_growing_rag,,category-5,locomo_official_qa_score,1,0.5269058295964125,
ablations,longmemeval,hybrid_text,,all,token_f1_diagnostic,3,0.21804091341275114,0.0
ablations,longmemeval,hybrid_text,,single-session-user,token_f1_diagnostic,3,0.4119843416182089,0.0
ablations,longmemeval,hybrid_text,,all,correct,3,0.1511111111111111,0.0
ablations,longmemeval,hybrid_text,,single-session-user,correct,3,0.3,0.0
ablations,longmemeval,hybrid_text,,multi-session,token_f1_diagnostic,3,0.09672112317121881,0.0
ablations,longmemeval,hybrid_text,,multi-session,correct,3,0.07518796992481203,0.0
ablations,longmemeval,hybrid_text,,single-session-preference,token_f1_diagnostic,3,0.033975470033514484,0.0
ablations,longmemeval,hybrid_text,,single-session-preference,correct,3,0.0,0.0
ablations,longmemeval,hybrid_text,,temporal-reasoning,token_f1_diagnostic,3,0.12173027400109554,0.0
ablations,longmemeval,hybrid_text,,temporal-reasoning,correct,3,0.05263157894736842,0.0
ablations,longmemeval,hybrid_text,,knowledge-update,token_f1_diagnostic,3,0.4613431889747679,0.0
ablations,longmemeval,hybrid_text,,knowledge-update,correct,3,0.358974358974359,0.0
ablations,longmemeval,hybrid_text,,single-session-assistant,token_f1_diagnostic,3,0.4253688489003339,0.0
ablations,longmemeval,hybrid_text,,single-session-assistant,correct,3,0.30357142857142855,0.0
retrieval,locomo,bm25_cache,,all,token_f1_diagnostic,1,0.18604550803215456,
retrieval,locomo,bm25_cache,,category-2,token_f1_diagnostic,1,0.21384308481614694,
retrieval,locomo,bm25_cache,,all,correct,1,0.07452165156092648,
retrieval,locomo,bm25_cache,,category-2,correct,1,0.018691588785046728,
retrieval,locomo,bm25_cache,,all,locomo_official_qa_score,1,0.32141387910615304,
retrieval,locomo,bm25_cache,,category-2,locomo_official_qa_score,1,0.21973686220525143,
retrieval,locomo,bm25_cache,,category-3,token_f1_diagnostic,1,0.05804320249525193,
retrieval,locomo,bm25_cache,,category-3,correct,1,0.020833333333333332,
retrieval,locomo,bm25_cache,,category-3,locomo_official_qa_score,1,0.07319212060829074,
retrieval,locomo,bm25_cache,,category-1,token_f1_diagnostic,1,0.1208053003914417,
retrieval,locomo,bm25_cache,,category-1,correct,1,0.031914893617021274,
retrieval,locomo,bm25_cache,,category-1,locomo_official_qa_score,1,0.10927645617408394,
retrieval,locomo,bm25_cache,,category-4,token_f1_diagnostic,1,0.30939774860397745,
retrieval,locomo,bm25_cache,,category-4,correct,1,0.1545778834720571,
retrieval,locomo,bm25_cache,,category-4,locomo_official_qa_score,1,0.3209869523394134,
retrieval,locomo,bm25_cache,,category-5,token_f1_diagnostic,1,0.002242152466367713,
retrieval,locomo,bm25_cache,,category-5,correct,1,0.002242152466367713,
retrieval,locomo,bm25_cache,,category-5,locomo_official_qa_score,1,0.5829596412556054,
retrieval,synthetic,bm25_growing_rag,100,all,correct,1,0.6866666666666666,
retrieval,synthetic,bm25_growing_rag,100,stable_fact,correct,1,1.0,
retrieval,synthetic,bm25_growing_rag,100,correction,correct,1,0.9333333333333333,
retrieval,synthetic,bm25_growing_rag,100,repeated_fact,correct,1,1.0,
retrieval,synthetic,bm25_growing_rag,100,contradictory_update,correct,1,1.0,
retrieval,synthetic,bm25_growing_rag,100,boolean,correct,1,0.0,
retrieval,synthetic,bm25_growing_rag,100,goal,correct,1,1.0,
retrieval,synthetic,bm25_growing_rag,100,response_style,correct,1,0.4,
retrieval,synthetic,bm25_growing_rag,100,temporal,correct,1,0.9666666666666667,
retrieval,synthetic,bm25_growing_rag,100,multi_fact,correct,1,0.0,
retrieval,synthetic,bm25_growing_rag,100,paraphrase,correct,1,0.5666666666666667,
retrieval,synthetic,bm25_growing_rag,500,all,correct,1,0.7022222222222222,
retrieval,synthetic,bm25_growing_rag,500,stable_fact,correct,1,0.9565217391304348,
retrieval,synthetic,bm25_growing_rag,500,correction,correct,1,1.0,
retrieval,synthetic,bm25_growing_rag,500,repeated_fact,correct,1,1.0,
retrieval,synthetic,bm25_growing_rag,500,contradictory_update,correct,1,1.0,
retrieval,synthetic,bm25_growing_rag,500,boolean,correct,1,0.0,
retrieval,synthetic,bm25_growing_rag,500,goal,correct,1,1.0,
retrieval,synthetic,bm25_growing_rag,500,response_style,correct,1,0.45454545454545453,
retrieval,synthetic,bm25_growing_rag,500,temporal,correct,1,1.0,
retrieval,synthetic,bm25_growing_rag,500,multi_fact,correct,1,0.0,
retrieval,synthetic,bm25_growing_rag,500,paraphrase,correct,1,0.5909090909090909,
retrieval,synthetic,bm25_growing_rag,1000,all,correct,1,0.66,
retrieval,synthetic,bm25_growing_rag,1000,stable_fact,correct,1,1.0,
retrieval,synthetic,bm25_growing_rag,1000,correction,correct,1,1.0,
retrieval,synthetic,bm25_growing_rag,1000,repeated_fact,correct,1,1.0,
retrieval,synthetic,bm25_growing_rag,1000,contradictory_update,correct,1,0.8666666666666667,
retrieval,synthetic,bm25_growing_rag,1000,boolean,correct,1,0.0,
retrieval,synthetic,bm25_growing_rag,1000,goal,correct,1,1.0,
retrieval,synthetic,bm25_growing_rag,1000,response_style,correct,1,0.06666666666666667,
retrieval,synthetic,bm25_growing_rag,1000,temporal,correct,1,1.0,
retrieval,synthetic,bm25_growing_rag,1000,multi_fact,correct,1,0.0,
retrieval,synthetic,bm25_growing_rag,1000,paraphrase,correct,1,0.6666666666666666,
retrieval,synthetic,bm25_growing_rag,5000,all,correct,1,0.6933333333333334,
retrieval,synthetic,bm25_growing_rag,5000,stable_fact,correct,1,1.0,
retrieval,synthetic,bm25_growing_rag,5000,correction,correct,1,0.8666666666666667,
retrieval,synthetic,bm25_growing_rag,5000,repeated_fact,correct,1,1.0,
retrieval,synthetic,bm25_growing_rag,5000,contradictory_update,correct,1,0.9333333333333333,
retrieval,synthetic,bm25_growing_rag,5000,boolean,correct,1,0.0,
retrieval,synthetic,bm25_growing_rag,5000,goal,correct,1,1.0,
retrieval,synthetic,bm25_growing_rag,5000,response_style,correct,1,0.4666666666666667,
retrieval,synthetic,bm25_growing_rag,5000,temporal,correct,1,1.0,
retrieval,synthetic,bm25_growing_rag,5000,multi_fact,correct,1,0.0,
retrieval,synthetic,bm25_growing_rag,5000,paraphrase,correct,1,0.6666666666666666,
ablations,synthetic,uncentered,100,all,correct,3,0.7166666666666667,0.05174724898753344
ablations,synthetic,uncentered,100,stable_fact,correct,3,0.9777777777777777,0.01924500897298752
ablations,synthetic,uncentered,100,correction,correct,3,0.8777777777777778,0.07698003589195009
ablations,synthetic,uncentered,100,repeated_fact,correct,3,0.9888888888888889,0.01924500897298752
ablations,synthetic,uncentered,100,contradictory_update,correct,3,0.9444444444444444,0.06938886664887108
ablations,synthetic,uncentered,100,boolean,correct,3,0.15555555555555556,0.26943012562182533
ablations,synthetic,uncentered,100,goal,correct,3,0.9666666666666667,0.033333333333333326
ablations,synthetic,uncentered,100,response_style,correct,3,0.9888888888888889,0.01924500897298752
ablations,synthetic,uncentered,100,temporal,correct,3,0.4111111111111111,0.3532914021241032
ablations,synthetic,uncentered,100,multi_fact,correct,3,0.0,0.0
ablations,synthetic,uncentered,100,paraphrase,correct,3,0.8555555555555555,0.1387777332977422
ablations,synthetic,uncentered,500,all,correct,3,0.7437037037037038,0.09700027576219765
ablations,synthetic,uncentered,500,stable_fact,correct,3,0.9710144927536232,0.05020437123388053
ablations,synthetic,uncentered,500,correction,correct,3,0.9565217391304348,0.07530655685082077
ablations,synthetic,uncentered,500,repeated_fact,correct,3,0.9855072463768116,0.025102185616940234
ablations,synthetic,uncentered,500,contradictory_update,correct,3,0.9710144927536232,0.05020437123388053
ablations,synthetic,uncentered,500,boolean,correct,3,0.2753623188405797,0.47694152672186474
ablations,synthetic,uncentered,500,goal,correct,3,0.9848484848484849,0.026243194054073875
ablations,synthetic,uncentered,500,response_style,correct,3,1.0,0.0
ablations,synthetic,uncentered,500,temporal,correct,3,0.46969696969696967,0.43677379713332043
ablations,synthetic,uncentered,500,multi_fact,correct,3,0.0,0.0
ablations,synthetic,uncentered,500,paraphrase,correct,3,0.803030303030303,0.0946211817939151
ablations,synthetic,uncentered,1000,all,correct,3,0.5622222222222223,0.3842645693519756
ablations,synthetic,uncentered,1000,stable_fact,correct,3,0.9777777777777777,0.03849001794597504
ablations,synthetic,uncentered,1000,correction,correct,3,0.6666666666666666,0.5773502691896257
ablations,synthetic,uncentered,1000,repeated_fact,correct,3,0.7555555555555555,0.3671713698190735
ablations,synthetic,uncentered,1000,contradictory_update,correct,3,0.5333333333333333,0.48074017006186526
ablations,synthetic,uncentered,1000,boolean,correct,3,0.24444444444444444,0.42339019740572553
ablations,synthetic,uncentered,1000,goal,correct,3,0.6444444444444445,0.5590998055737388
ablations,synthetic,uncentered,1000,response_style,correct,3,0.6666666666666666,0.5773502691896257
ablations,synthetic,uncentered,1000,temporal,correct,3,0.6,0.5291502622129182
ablations,synthetic,uncentered,1000,multi_fact,correct,3,0.0,0.0
ablations,synthetic,uncentered,1000,paraphrase,correct,3,0.5333333333333333,0.48074017006186526
ablations,synthetic,uncentered,5000,all,correct,3,0.5422222222222223,0.4183211596280932
ablations,synthetic,uncentered,5000,stable_fact,correct,3,0.7777777777777778,0.3849001794597505
ablations,synthetic,uncentered,5000,correction,correct,3,0.6444444444444445,0.5590998055737388
ablations,synthetic,uncentered,5000,repeated_fact,correct,3,0.7555555555555555,0.4233901974057256
ablations,synthetic,uncentered,5000,contradictory_update,correct,3,0.5555555555555556,0.4822785425380157
ablations,synthetic,uncentered,5000,boolean,correct,3,0.24444444444444444,0.42339019740572553
ablations,synthetic,uncentered,5000,goal,correct,3,0.6444444444444445,0.5590998055737388
ablations,synthetic,uncentered,5000,response_style,correct,3,0.6666666666666666,0.5773502691896257
ablations,synthetic,uncentered,5000,temporal,correct,3,0.5111111111111111,0.5003702332976757
ablations,synthetic,uncentered,5000,multi_fact,correct,3,0.0,0.0
ablations,synthetic,uncentered,5000,paraphrase,correct,3,0.6222222222222222,0.49140765305546624
ablations,synthetic,hybrid_text,100,all,correct,3,0.7833333333333333,0.0
ablations,synthetic,hybrid_text,100,stable_fact,correct,3,1.0,0.0
ablations,synthetic,hybrid_text,100,correction,correct,3,0.9333333333333333,0.0
ablations,synthetic,hybrid_text,100,repeated_fact,correct,3,1.0,0.0
ablations,synthetic,hybrid_text,100,contradictory_update,correct,3,1.0,0.0
ablations,synthetic,hybrid_text,100,boolean,correct,3,0.0,0.0
ablations,synthetic,hybrid_text,100,goal,correct,3,1.0,0.0
ablations,synthetic,hybrid_text,100,response_style,correct,3,1.0,0.0
ablations,synthetic,hybrid_text,100,temporal,correct,3,0.9333333333333333,0.0
ablations,synthetic,hybrid_text,100,multi_fact,correct,3,0.0,0.0
ablations,synthetic,hybrid_text,100,paraphrase,correct,3,0.9666666666666667,0.0
ablations,synthetic,hybrid_text,500,all,correct,3,0.7822222222222223,0.0
ablations,synthetic,hybrid_text,500,stable_fact,correct,3,0.9565217391304348,0.0
ablations,synthetic,hybrid_text,500,correction,correct,3,0.9565217391304348,0.0
ablations,synthetic,hybrid_text,500,repeated_fact,correct,3,1.0,0.0
ablations,synthetic,hybrid_text,500,contradictory_update,correct,3,1.0,0.0
ablations,synthetic,hybrid_text,500,boolean,correct,3,0.0,0.0
ablations,synthetic,hybrid_text,500,goal,correct,3,1.0,0.0
ablations,synthetic,hybrid_text,500,response_style,correct,3,1.0,0.0
ablations,synthetic,hybrid_text,500,temporal,correct,3,1.0,0.0
ablations,synthetic,hybrid_text,500,multi_fact,correct,3,0.0,0.0
ablations,synthetic,hybrid_text,500,paraphrase,correct,3,0.9090909090909091,0.0
ablations,synthetic,hybrid_text,1000,all,correct,3,0.7266666666666667,0.0
ablations,synthetic,hybrid_text,1000,stable_fact,correct,3,1.0,0.0
ablations,synthetic,hybrid_text,1000,correction,correct,3,0.6666666666666666,0.0
ablations,synthetic,hybrid_text,1000,repeated_fact,correct,3,1.0,0.0
ablations,synthetic,hybrid_text,1000,contradictory_update,correct,3,0.8,0.0
ablations,synthetic,hybrid_text,1000,boolean,correct,3,0.0,0.0
ablations,synthetic,hybrid_text,1000,goal,correct,3,1.0,0.0
ablations,synthetic,hybrid_text,1000,response_style,correct,3,1.0,0.0
ablations,synthetic,hybrid_text,1000,temporal,correct,3,0.9333333333333333,0.0
ablations,synthetic,hybrid_text,1000,multi_fact,correct,3,0.0,0.0
ablations,synthetic,hybrid_text,1000,paraphrase,correct,3,0.8666666666666667,0.0
ablations,synthetic,hybrid_text,5000,all,correct,3,0.7533333333333333,0.0
ablations,synthetic,hybrid_text,5000,stable_fact,correct,3,1.0,0.0
ablations,synthetic,hybrid_text,5000,correction,correct,3,0.8666666666666667,0.0
ablations,synthetic,hybrid_text,5000,repeated_fact,correct,3,1.0,0.0
ablations,synthetic,hybrid_text,5000,contradictory_update,correct,3,0.8,0.0
ablations,synthetic,hybrid_text,5000,boolean,correct,3,0.0,0.0
ablations,synthetic,hybrid_text,5000,goal,correct,3,1.0,0.0
ablations,synthetic,hybrid_text,5000,response_style,correct,3,0.9333333333333333,0.0
ablations,synthetic,hybrid_text,5000,temporal,correct,3,1.0,0.0
ablations,synthetic,hybrid_text,5000,multi_fact,correct,3,0.0,0.0
ablations,synthetic,hybrid_text,5000,paraphrase,correct,3,0.9333333333333333,0.0
ablations,longmemeval,centered_zero,,all,token_f1_diagnostic,3,0.20956189179922446,0.0
ablations,longmemeval,centered_zero,,single-session-user,token_f1_diagnostic,3,0.38357164320551046,0.0
ablations,longmemeval,centered_zero,,all,correct,3,0.14222222222222222,0.0
ablations,longmemeval,centered_zero,,single-session-user,correct,3,0.3,0.0
ablations,longmemeval,centered_zero,,multi-session,token_f1_diagnostic,3,0.07361335374765991,0.0
ablations,longmemeval,centered_zero,,multi-session,correct,3,0.045112781954887216,0.0
ablations,longmemeval,centered_zero,,single-session-preference,token_f1_diagnostic,3,0.04356247374464647,0.0
ablations,longmemeval,centered_zero,,single-session-preference,correct,3,0.0,0.0
ablations,longmemeval,centered_zero,,temporal-reasoning,token_f1_diagnostic,3,0.13827314038843613,0.0
ablations,longmemeval,centered_zero,,temporal-reasoning,correct,3,0.07518796992481203,0.0
ablations,longmemeval,centered_zero,,knowledge-update,token_f1_diagnostic,3,0.43719511482669376,0.0
ablations,longmemeval,centered_zero,,knowledge-update,correct,3,0.34615384615384615,0.0
ablations,longmemeval,centered_zero,,single-session-assistant,token_f1_diagnostic,3,0.4114718135110449,0.0
ablations,longmemeval,centered_zero,,single-session-assistant,correct,3,0.26785714285714285,0.0
priority,synthetic,hybrid_growing_rag,100,all,correct,1,0.6466666666666666,
priority,synthetic,hybrid_growing_rag,100,stable_fact,correct,1,0.8666666666666667,
priority,synthetic,hybrid_growing_rag,100,correction,correct,1,0.9666666666666667,
priority,synthetic,hybrid_growing_rag,100,repeated_fact,correct,1,1.0,
priority,synthetic,hybrid_growing_rag,100,contradictory_update,correct,1,1.0,
priority,synthetic,hybrid_growing_rag,100,boolean,correct,1,0.0,
priority,synthetic,hybrid_growing_rag,100,goal,correct,1,1.0,
priority,synthetic,hybrid_growing_rag,100,response_style,correct,1,0.23333333333333334,
priority,synthetic,hybrid_growing_rag,100,temporal,correct,1,0.9333333333333333,
priority,synthetic,hybrid_growing_rag,100,multi_fact,correct,1,0.0,
priority,synthetic,hybrid_growing_rag,100,paraphrase,correct,1,0.4666666666666667,
priority,synthetic,hybrid_growing_rag,500,all,correct,1,0.6888888888888889,
priority,synthetic,hybrid_growing_rag,500,stable_fact,correct,1,0.9565217391304348,
priority,synthetic,hybrid_growing_rag,500,correction,correct,1,1.0,
priority,synthetic,hybrid_growing_rag,500,repeated_fact,correct,1,1.0,
priority,synthetic,hybrid_growing_rag,500,contradictory_update,correct,1,1.0,
priority,synthetic,hybrid_growing_rag,500,boolean,correct,1,0.0,
priority,synthetic,hybrid_growing_rag,500,goal,correct,1,0.9545454545454546,
priority,synthetic,hybrid_growing_rag,500,response_style,correct,1,0.45454545454545453,
priority,synthetic,hybrid_growing_rag,500,temporal,correct,1,0.9090909090909091,
priority,synthetic,hybrid_growing_rag,500,multi_fact,correct,1,0.0,
priority,synthetic,hybrid_growing_rag,500,paraphrase,correct,1,0.5909090909090909,
priority,synthetic,hybrid_growing_rag,1000,all,correct,1,0.64,
priority,synthetic,hybrid_growing_rag,1000,stable_fact,correct,1,1.0,
priority,synthetic,hybrid_growing_rag,1000,correction,correct,1,0.8666666666666667,
priority,synthetic,hybrid_growing_rag,1000,repeated_fact,correct,1,0.9333333333333333,
priority,synthetic,hybrid_growing_rag,1000,contradictory_update,correct,1,0.9333333333333333,
priority,synthetic,hybrid_growing_rag,1000,boolean,correct,1,0.0,
priority,synthetic,hybrid_growing_rag,1000,goal,correct,1,0.9333333333333333,
priority,synthetic,hybrid_growing_rag,1000,response_style,correct,1,0.3333333333333333,
priority,synthetic,hybrid_growing_rag,1000,temporal,correct,1,0.8666666666666667,
priority,synthetic,hybrid_growing_rag,1000,multi_fact,correct,1,0.0,
priority,synthetic,hybrid_growing_rag,1000,paraphrase,correct,1,0.5333333333333333,
priority,synthetic,hybrid_growing_rag,5000,all,correct,1,0.62,
priority,synthetic,hybrid_growing_rag,5000,stable_fact,correct,1,0.8666666666666667,
priority,synthetic,hybrid_growing_rag,5000,correction,correct,1,0.9333333333333333,
priority,synthetic,hybrid_growing_rag,5000,repeated_fact,correct,1,1.0,
priority,synthetic,hybrid_growing_rag,5000,contradictory_update,correct,1,0.8666666666666667,
priority,synthetic,hybrid_growing_rag,5000,boolean,correct,1,0.0,
priority,synthetic,hybrid_growing_rag,5000,goal,correct,1,0.9333333333333333,
priority,synthetic,hybrid_growing_rag,5000,response_style,correct,1,0.3333333333333333,
priority,synthetic,hybrid_growing_rag,5000,temporal,correct,1,0.7333333333333333,
priority,synthetic,hybrid_growing_rag,5000,multi_fact,correct,1,0.0,
priority,synthetic,hybrid_growing_rag,5000,paraphrase,correct,1,0.5333333333333333,
priority,synthetic,hybrid_fifo_rag,100,all,correct,1,0.6466666666666666,
priority,synthetic,hybrid_fifo_rag,100,stable_fact,correct,1,0.8666666666666667,
priority,synthetic,hybrid_fifo_rag,100,correction,correct,1,0.9666666666666667,
priority,synthetic,hybrid_fifo_rag,100,repeated_fact,correct,1,1.0,
priority,synthetic,hybrid_fifo_rag,100,contradictory_update,correct,1,1.0,
priority,synthetic,hybrid_fifo_rag,100,boolean,correct,1,0.0,
priority,synthetic,hybrid_fifo_rag,100,goal,correct,1,1.0,
priority,synthetic,hybrid_fifo_rag,100,response_style,correct,1,0.23333333333333334,
priority,synthetic,hybrid_fifo_rag,100,temporal,correct,1,0.9333333333333333,
priority,synthetic,hybrid_fifo_rag,100,multi_fact,correct,1,0.0,
priority,synthetic,hybrid_fifo_rag,100,paraphrase,correct,1,0.4666666666666667,
priority,synthetic,hybrid_fifo_rag,500,all,correct,1,0.6888888888888889,
priority,synthetic,hybrid_fifo_rag,500,stable_fact,correct,1,0.9565217391304348,
priority,synthetic,hybrid_fifo_rag,500,correction,correct,1,1.0,
priority,synthetic,hybrid_fifo_rag,500,repeated_fact,correct,1,1.0,
priority,synthetic,hybrid_fifo_rag,500,contradictory_update,correct,1,1.0,
priority,synthetic,hybrid_fifo_rag,500,boolean,correct,1,0.0,
priority,synthetic,hybrid_fifo_rag,500,goal,correct,1,0.9545454545454546,
priority,synthetic,hybrid_fifo_rag,500,response_style,correct,1,0.45454545454545453,
priority,synthetic,hybrid_fifo_rag,500,temporal,correct,1,0.9090909090909091,
priority,synthetic,hybrid_fifo_rag,500,multi_fact,correct,1,0.0,
priority,synthetic,hybrid_fifo_rag,500,paraphrase,correct,1,0.5909090909090909,
priority,synthetic,hybrid_fifo_rag,1000,all,correct,1,0.12,
priority,synthetic,hybrid_fifo_rag,1000,stable_fact,correct,1,0.0,
priority,synthetic,hybrid_fifo_rag,1000,correction,correct,1,0.2,
priority,synthetic,hybrid_fifo_rag,1000,repeated_fact,correct,1,0.4,
priority,synthetic,hybrid_fifo_rag,1000,contradictory_update,correct,1,0.3333333333333333,
priority,synthetic,hybrid_fifo_rag,1000,boolean,correct,1,0.0,
priority,synthetic,hybrid_fifo_rag,1000,goal,correct,1,0.0,
priority,synthetic,hybrid_fifo_rag,1000,response_style,correct,1,0.26666666666666666,
priority,synthetic,hybrid_fifo_rag,1000,temporal,correct,1,0.0,
priority,synthetic,hybrid_fifo_rag,1000,multi_fact,correct,1,0.0,
priority,synthetic,hybrid_fifo_rag,1000,paraphrase,correct,1,0.0,
priority,synthetic,hybrid_fifo_rag,5000,all,correct,1,0.0,
priority,synthetic,hybrid_fifo_rag,5000,stable_fact,correct,1,0.0,
priority,synthetic,hybrid_fifo_rag,5000,correction,correct,1,0.0,
priority,synthetic,hybrid_fifo_rag,5000,repeated_fact,correct,1,0.0,
priority,synthetic,hybrid_fifo_rag,5000,contradictory_update,correct,1,0.0,
priority,synthetic,hybrid_fifo_rag,5000,boolean,correct,1,0.0,
priority,synthetic,hybrid_fifo_rag,5000,goal,correct,1,0.0,
priority,synthetic,hybrid_fifo_rag,5000,response_style,correct,1,0.0,
priority,synthetic,hybrid_fifo_rag,5000,temporal,correct,1,0.0,
priority,synthetic,hybrid_fifo_rag,5000,multi_fact,correct,1,0.0,
priority,synthetic,hybrid_fifo_rag,5000,paraphrase,correct,1,0.0,
newest-wins-original,longmemeval,lexical_only,,all,token_f1_diagnostic,1,0.19149764925295293,
newest-wins-original,longmemeval,lexical_only,,single-session-user,token_f1_diagnostic,1,0.43023830987217715,
newest-wins-original,longmemeval,lexical_only,,all,correct,1,0.12666666666666668,
newest-wins-original,longmemeval,lexical_only,,single-session-user,correct,1,0.3,
newest-wins-original,longmemeval,lexical_only,,multi-session,token_f1_diagnostic,1,0.09703309030366178,
newest-wins-original,longmemeval,lexical_only,,multi-session,correct,1,0.07518796992481203,
newest-wins-original,longmemeval,lexical_only,,single-session-preference,token_f1_diagnostic,1,0.04372324197114607,
newest-wins-original,longmemeval,lexical_only,,single-session-preference,correct,1,0.0,
newest-wins-original,longmemeval,lexical_only,,temporal-reasoning,token_f1_diagnostic,1,0.08710999719841724,
newest-wins-original,longmemeval,lexical_only,,temporal-reasoning,correct,1,0.045112781954887216,
newest-wins-original,longmemeval,lexical_only,,knowledge-update,token_f1_diagnostic,1,0.3539200565516355,
newest-wins-original,longmemeval,lexical_only,,knowledge-update,correct,1,0.23076923076923078,
newest-wins-original,longmemeval,lexical_only,,single-session-assistant,token_f1_diagnostic,1,0.43144077961512173,
newest-wins-original,longmemeval,lexical_only,,single-session-assistant,correct,1,0.30357142857142855,
retrieval,longmemeval,bm25_growing_rag,,all,token_f1_diagnostic,1,0.2261105800972734,
retrieval,longmemeval,bm25_growing_rag,,single-session-user,token_f1_diagnostic,1,0.3564287860626533,
retrieval,longmemeval,bm25_growing_rag,,all,correct,1,0.15555555555555556,
retrieval,longmemeval,bm25_growing_rag,,single-session-user,correct,1,0.25,
retrieval,longmemeval,bm25_growing_rag,,multi-session,token_f1_diagnostic,1,0.08079798198491972,
retrieval,longmemeval,bm25_growing_rag,,multi-session,correct,1,0.06015037593984962,
retrieval,longmemeval,bm25_growing_rag,,single-session-preference,token_f1_diagnostic,1,0.05444869512037768,
retrieval,longmemeval,bm25_growing_rag,,single-session-preference,correct,1,0.0,
retrieval,longmemeval,bm25_growing_rag,,temporal-reasoning,token_f1_diagnostic,1,0.13633496755315752,
retrieval,longmemeval,bm25_growing_rag,,temporal-reasoning,correct,1,0.06766917293233082,
retrieval,longmemeval,bm25_growing_rag,,knowledge-update,token_f1_diagnostic,1,0.49719529982687877,
retrieval,longmemeval,bm25_growing_rag,,knowledge-update,correct,1,0.41025641025641024,
retrieval,longmemeval,bm25_growing_rag,,single-session-assistant,token_f1_diagnostic,1,0.4522822998901395,
retrieval,longmemeval,bm25_growing_rag,,single-session-assistant,correct,1,0.2857142857142857,
