example_id,agent,bytes
conv-26-qa-0,difference_prefix,1318912
conv-26-qa-1,difference_prefix,1318912
conv-26-qa-2,difference_prefix,1318912
conv-26-qa-3,difference_prefix,1318912
conv-26-qa-4,difference_prefix,1318912
conv-26-qa-5,difference_prefix,1318912
conv-26-qa-6,difference_prefix,1318912
conv-26-qa-7,difference_prefix,1318912
conv-26-qa-8,difference_prefix,1318912
conv-26-qa-9,difference_prefix,1318912
conv-26-qa-10,difference_prefix,1318912
conv-26-qa-11,difference_prefix,1318912
conv-26-qa-12,difference_prefix,1318912
conv-26-qa-13,difference_prefix,1318912
conv-26-qa-14,difference_prefix,1318912
conv-26-qa-15,difference_prefix,1318912
conv-26-qa-16,difference_prefix,1318912
conv-26-qa-17,difference_prefix,1318912
conv-26-qa-18,difference_prefix,1318912
conv-26-qa-19,difference_prefix,1318912
conv-26-qa-20,difference_prefix,1318912
conv-26-qa-21,difference_prefix,1318912
conv-26-qa-22,difference_prefix,1318912
conv-26-qa-23,difference_prefix,1318912
conv-26-qa-24,difference_prefix,1318912
conv-26-qa-25,difference_prefix,1318912
conv-26-qa-26,difference_prefix,1318912
conv-26-qa-27,difference_prefix,1318912
conv-26-qa-28,difference_prefix,1318912
conv-26-qa-29,difference_prefix,1318912
conv-26-qa-30,difference_prefix,1318912
conv-26-qa-31,difference_prefix,1318912
conv-26-qa-32,difference_prefix,1318912
conv-26-qa-33,difference_prefix,1318912
conv-26-qa-34,difference_prefix,1318912
conv-26-qa-35,difference_prefix,1318912
conv-26-qa-36,difference_prefix,1318912
conv-26-qa-37,difference_prefix,1318912
conv-26-qa-38,difference_prefix,1318912
conv-26-qa-39,difference_prefix,1318912
conv-26-qa-40,difference_prefix,1318912
conv-26-qa-41,difference_prefix,1318912
conv-26-qa-42,difference_prefix,1318912
conv-26-qa-43,difference_prefix,1318912
conv-26-qa-44,difference_prefix,1318912
conv-26-qa-45,difference_prefix,1318912
conv-26-qa-46,difference_prefix,1318912
conv-26-qa-47,difference_prefix,1318912
conv-26-qa-48,difference_prefix,1318912
conv-26-qa-49,difference_prefix,1318912
conv-26-qa-50,difference_prefix,1318912
conv-26-qa-51,difference_prefix,1318912
conv-26-qa-52,difference_prefix,1318912
conv-26-qa-53,difference_prefix,1318912
conv-26-qa-54,difference_prefix,1318912
conv-26-qa-55,difference_prefix,1318912
conv-26-qa-56,difference_prefix,1318912
conv-26-qa-57,difference_prefix,1318912
conv-26-qa-58,difference_prefix,1318912
conv-26-qa-59,difference_prefix,1318912
conv-26-qa-60,difference_prefix,1318912
conv-26-qa-61,difference_prefix,1318912
conv-26-qa-62,difference_prefix,1318912
conv-26-qa-63,difference_prefix,1318912
conv-26-qa-64,difference_prefix,1318912
conv-26-qa-65,difference_prefix,1318912
conv-26-qa-66,difference_prefix,1318912
conv-26-qa-67,difference_prefix,1318912
conv-26-qa-68,difference_prefix,1318912
conv-26-qa-69,difference_prefix,1318912
conv-26-qa-70,difference_prefix,1318912
conv-26-qa-71,difference_prefix,1318912
conv-26-qa-72,difference_prefix,1318912
conv-26-qa-73,difference_prefix,1318912
conv-26-qa-74,difference_prefix,1318912
conv-26-qa-75,difference_prefix,1318912
conv-26-qa-76,difference_prefix,1318912
conv-26-qa-77,difference_prefix,1318912
conv-26-qa-78,difference_prefix,1318912
conv-26-qa-79,difference_prefix,1318912
conv-26-qa-80,difference_prefix,1318912
conv-26-qa-81,difference_prefix,1318912
conv-26-qa-82,difference_prefix,1318912
conv-26-qa-83,difference_prefix,1318912
conv-26-qa-84,difference_prefix,1318912
conv-26-qa-85,difference_prefix,1318912
conv-26-qa-86,difference_prefix,1318912
conv-26-qa-87,difference_prefix,1318912
conv-26-qa-88,difference_prefix,1318912
conv-26-qa-89,difference_prefix,1318912
conv-26-qa-90,difference_prefix,1318912
conv-26-qa-91,difference_prefix,1318912
conv-26-qa-92,difference_prefix,1318912
conv-26-qa-93,difference_prefix,1318912
conv-26-qa-94,difference_prefix,1318912
conv-26-qa-95,difference_prefix,1318912
conv-26-qa-96,difference_prefix,1318912
conv-26-qa-97,difference_prefix,1318912
conv-26-qa-98,difference_prefix,1318912
conv-26-qa-99,difference_prefix,1318912
conv-26-qa-100,difference_prefix,1318912
conv-26-qa-101,difference_prefix,1318912
conv-26-qa-102,difference_prefix,1318912
conv-26-qa-103,difference_prefix,1318912
conv-26-qa-104,difference_prefix,1318912
conv-26-qa-105,difference_prefix,1318912
conv-26-qa-106,difference_prefix,1318912
conv-26-qa-107,difference_prefix,1318912
conv-26-qa-108,difference_prefix,1318912
conv-26-qa-109,difference_prefix,1318912
conv-26-qa-110,difference_prefix,1318912
conv-26-qa-111,difference_prefix,1318912
conv-26-qa-112,difference_prefix,1318912
conv-26-qa-113,difference_prefix,1318912
conv-26-qa-114,difference_prefix,1318912
conv-26-qa-115,difference_prefix,1318912
conv-26-qa-116,difference_prefix,1318912
conv-26-qa-117,difference_prefix,1318912
conv-26-qa-118,difference_prefix,1318912
conv-26-qa-119,difference_prefix,1318912
conv-26-qa-120,difference_prefix,1318912
conv-26-qa-121,difference_prefix,1318912
conv-26-qa-122,difference_prefix,1318912
conv-26-qa-123,difference_prefix,1318912
conv-26-qa-124,difference_prefix,1318912
conv-26-qa-125,difference_prefix,1318912
conv-26-qa-126,difference_prefix,1318912
conv-26-qa-127,difference_prefix,1318912
conv-26-qa-128,difference_prefix,1318912
conv-26-qa-129,difference_prefix,1318912
conv-26-qa-130,difference_prefix,1318912
conv-26-qa-131,difference_prefix,1318912
conv-26-qa-132,difference_prefix,1318912
conv-26-qa-133,difference_prefix,1318912
conv-26-qa-134,difference_prefix,1318912
conv-26-qa-135,difference_prefix,1318912
conv-26-qa-136,difference_prefix,1318912
conv-26-qa-137,difference_prefix,1318912
conv-26-qa-138,difference_prefix,1318912
conv-26-qa-139,difference_prefix,1318912
conv-26-qa-140,difference_prefix,1318912
conv-26-qa-141,difference_prefix,1318912
conv-26-qa-142,difference_prefix,1318912
conv-26-qa-143,difference_prefix,1318912
conv-26-qa-144,difference_prefix,1318912
conv-26-qa-145,difference_prefix,1318912
conv-26-qa-146,difference_prefix,1318912
conv-26-qa-147,difference_prefix,1318912
conv-26-qa-148,difference_prefix,1318912
conv-26-qa-149,difference_prefix,1318912
conv-26-qa-150,difference_prefix,1318912
conv-26-qa-151,difference_prefix,1318912
conv-26-qa-152,difference_prefix,1318912
conv-26-qa-153,difference_prefix,1318912
conv-26-qa-154,difference_prefix,1318912
conv-26-qa-155,difference_prefix,1318912
conv-26-qa-156,difference_prefix,1318912
conv-26-qa-157,difference_prefix,1318912
conv-26-qa-158,difference_prefix,1318912
conv-26-qa-159,difference_prefix,1318912
conv-26-qa-160,difference_prefix,1318912
conv-26-qa-161,difference_prefix,1318912
conv-26-qa-162,difference_prefix,1318912
conv-26-qa-163,difference_prefix,1318912
conv-26-qa-164,difference_prefix,1318912
conv-26-qa-165,difference_prefix,1318912
conv-26-qa-166,difference_prefix,1318912
conv-26-qa-167,difference_prefix,1318912
conv-26-qa-168,difference_prefix,1318912
conv-26-qa-169,difference_prefix,1318912
conv-26-qa-170,difference_prefix,1318912
conv-26-qa-171,difference_prefix,1318912
conv-26-qa-172,difference_prefix,1318912
conv-26-qa-173,difference_prefix,1318912
conv-26-qa-174,difference_prefix,1318912
conv-26-qa-175,difference_prefix,1318912
conv-26-qa-176,difference_prefix,1318912
conv-26-qa-177,difference_prefix,1318912
conv-26-qa-178,difference_prefix,1318912
conv-26-qa-179,difference_prefix,1318912
conv-26-qa-180,difference_prefix,1318912
conv-26-qa-181,difference_prefix,1318912
conv-26-qa-182,difference_prefix,1318912
conv-26-qa-183,difference_prefix,1318912
conv-26-qa-184,difference_prefix,1318912
conv-26-qa-185,difference_prefix,1318912
conv-26-qa-186,difference_prefix,1318912
conv-26-qa-187,difference_prefix,1318912
conv-26-qa-188,difference_prefix,1318912
conv-26-qa-189,difference_prefix,1318912
conv-26-qa-190,difference_prefix,1318912
conv-26-qa-191,difference_prefix,1318912
conv-26-qa-192,difference_prefix,1318912
conv-26-qa-193,difference_prefix,1318912
conv-26-qa-194,difference_prefix,1318912
conv-26-qa-195,difference_prefix,1318912
conv-26-qa-196,difference_prefix,1318912
conv-26-qa-197,difference_prefix,1318912
conv-26-qa-198,difference_prefix,1318912
conv-30-qa-0,difference_prefix,1318912
conv-30-qa-1,difference_prefix,1318912
conv-30-qa-2,difference_prefix,1318912
conv-30-qa-3,difference_prefix,1318912
conv-30-qa-4,difference_prefix,1318912
conv-30-qa-5,difference_prefix,1318912
conv-30-qa-6,difference_prefix,1318912
conv-30-qa-7,difference_prefix,1318912
conv-30-qa-8,difference_prefix,1318912
conv-30-qa-9,difference_prefix,1318912
conv-30-qa-10,difference_prefix,1318912
conv-30-qa-11,difference_prefix,1318912
conv-30-qa-12,difference_prefix,1318912
conv-30-qa-13,difference_prefix,1318912
conv-30-qa-14,difference_prefix,1318912
conv-30-qa-15,difference_prefix,1318912
conv-30-qa-16,difference_prefix,1318912
conv-30-qa-17,difference_prefix,1318912
conv-30-qa-18,difference_prefix,1318912
conv-30-qa-19,difference_prefix,1318912
conv-30-qa-20,difference_prefix,1318912
conv-30-qa-21,difference_prefix,1318912
conv-30-qa-22,difference_prefix,1318912
conv-30-qa-23,difference_prefix,1318912
conv-30-qa-24,difference_prefix,1318912
conv-30-qa-25,difference_prefix,1318912
conv-30-qa-26,difference_prefix,1318912
conv-30-qa-27,difference_prefix,1318912
conv-30-qa-28,difference_prefix,1318912
conv-30-qa-29,difference_prefix,1318912
conv-30-qa-30,difference_prefix,1318912
conv-30-qa-31,difference_prefix,1318912
conv-30-qa-32,difference_prefix,1318912
conv-30-qa-33,difference_prefix,1318912
conv-30-qa-34,difference_prefix,1318912
conv-30-qa-35,difference_prefix,1318912
conv-30-qa-36,difference_prefix,1318912
conv-30-qa-37,difference_prefix,1318912
conv-30-qa-38,difference_prefix,1318912
conv-30-qa-39,difference_prefix,1318912
conv-30-qa-40,difference_prefix,1318912
conv-30-qa-41,difference_prefix,1318912
conv-30-qa-42,difference_prefix,1318912
conv-30-qa-43,difference_prefix,1318912
conv-30-qa-44,difference_prefix,1318912
conv-30-qa-45,difference_prefix,1318912
conv-30-qa-46,difference_prefix,1318912
conv-30-qa-47,difference_prefix,1318912
conv-30-qa-48,difference_prefix,1318912
conv-30-qa-49,difference_prefix,1318912
conv-30-qa-50,difference_prefix,1318912
conv-30-qa-51,difference_prefix,1318912
conv-30-qa-52,difference_prefix,1318912
conv-30-qa-53,difference_prefix,1318912
conv-30-qa-54,difference_prefix,1318912
conv-30-qa-55,difference_prefix,1318912
conv-30-qa-56,difference_prefix,1318912
conv-30-qa-57,difference_prefix,1318912
conv-30-qa-58,difference_prefix,1318912
conv-30-qa-59,difference_prefix,1318912
conv-30-qa-60,difference_prefix,1318912
conv-30-qa-61,difference_prefix,1318912
conv-30-qa-62,difference_prefix,1318912
conv-30-qa-63,difference_prefix,1318912
conv-30-qa-64,difference_prefix,1318912
conv-30-qa-65,difference_prefix,1318912
conv-30-qa-66,difference_prefix,1318912
conv-30-qa-67,difference_prefix,1318912
conv-30-qa-68,difference_prefix,1318912
conv-30-qa-69,difference_prefix,1318912
conv-30-qa-70,difference_prefix,1318912
conv-30-qa-71,difference_prefix,1318912
conv-30-qa-72,difference_prefix,1318912
conv-30-qa-73,difference_prefix,1318912
conv-30-qa-74,difference_prefix,1318912
conv-30-qa-75,difference_prefix,1318912
conv-30-qa-76,difference_prefix,1318912
conv-30-qa-77,difference_prefix,1318912
conv-30-qa-78,difference_prefix,1318912
conv-30-qa-79,difference_prefix,1318912
conv-30-qa-80,difference_prefix,1318912
conv-30-qa-81,difference_prefix,1318912
conv-30-qa-82,difference_prefix,1318912
conv-30-qa-83,difference_prefix,1318912
conv-30-qa-84,difference_prefix,1318912
conv-30-qa-85,difference_prefix,1318912
conv-30-qa-86,difference_prefix,1318912
conv-30-qa-87,difference_prefix,1318912
conv-30-qa-88,difference_prefix,1318912
conv-30-qa-89,difference_prefix,1318912
conv-30-qa-90,difference_prefix,1318912
conv-30-qa-91,difference_prefix,1318912
conv-30-qa-92,difference_prefix,1318912
conv-30-qa-93,difference_prefix,1318912
conv-30-qa-94,difference_prefix,1318912
conv-30-qa-95,difference_prefix,1318912
conv-30-qa-96,difference_prefix,1318912
conv-30-qa-97,difference_prefix,1318912
conv-30-qa-98,difference_prefix,1318912
conv-30-qa-99,difference_prefix,1318912
conv-30-qa-100,difference_prefix,1318912
conv-30-qa-101,difference_prefix,1318912
conv-30-qa-102,difference_prefix,1318912
conv-30-qa-103,difference_prefix,1318912
conv-30-qa-104,difference_prefix,1318912
conv-41-qa-0,difference_prefix,1318912
conv-41-qa-1,difference_prefix,1318912
conv-41-qa-2,difference_prefix,1318912
conv-41-qa-3,difference_prefix,1318912
conv-41-qa-4,difference_prefix,1318912
conv-41-qa-5,difference_prefix,1318912
conv-41-qa-6,difference_prefix,1318912
conv-41-qa-7,difference_prefix,1318912
conv-41-qa-8,difference_prefix,1318912
conv-41-qa-9,difference_prefix,1318912
conv-41-qa-10,difference_prefix,1318912
conv-41-qa-11,difference_prefix,1318912
conv-41-qa-12,difference_prefix,1318912
conv-41-qa-13,difference_prefix,1318912
conv-41-qa-14,difference_prefix,1318912
conv-41-qa-15,difference_prefix,1318912
conv-41-qa-16,difference_prefix,1318912
conv-41-qa-17,difference_prefix,1318912
conv-41-qa-18,difference_prefix,1318912
conv-41-qa-19,difference_prefix,1318912
conv-41-qa-20,difference_prefix,1318912
conv-41-qa-21,difference_prefix,1318912
conv-41-qa-22,difference_prefix,1318912
conv-41-qa-23,difference_prefix,1318912
conv-41-qa-24,difference_prefix,1318912
conv-41-qa-25,difference_prefix,1318912
conv-41-qa-26,difference_prefix,1318912
conv-41-qa-27,difference_prefix,1318912
conv-41-qa-28,difference_prefix,1318912
conv-41-qa-29,difference_prefix,1318912
conv-41-qa-30,difference_prefix,1318912
conv-41-qa-31,difference_prefix,1318912
conv-41-qa-32,difference_prefix,1318912
conv-41-qa-33,difference_prefix,1318912
conv-41-qa-34,difference_prefix,1318912
conv-41-qa-35,difference_prefix,1318912
conv-41-qa-36,difference_prefix,1318912
conv-41-qa-37,difference_prefix,1318912
conv-41-qa-38,difference_prefix,1318912
conv-41-qa-39,difference_prefix,1318912
conv-41-qa-40,difference_prefix,1318912
conv-41-qa-41,difference_prefix,1318912
conv-41-qa-42,difference_prefix,1318912
conv-41-qa-43,difference_prefix,1318912
conv-41-qa-44,difference_prefix,1318912
conv-41-qa-45,difference_prefix,1318912
conv-41-qa-46,difference_prefix,1318912
conv-41-qa-47,difference_prefix,1318912
conv-41-qa-48,difference_prefix,1318912
conv-41-qa-49,difference_prefix,1318912
conv-41-qa-50,difference_prefix,1318912
conv-41-qa-51,difference_prefix,1318912
conv-41-qa-52,difference_prefix,1318912
conv-41-qa-53,difference_prefix,1318912
conv-41-qa-54,difference_prefix,1318912
conv-41-qa-55,difference_prefix,1318912
conv-41-qa-56,difference_prefix,1318912
conv-41-qa-57,difference_prefix,1318912
conv-41-qa-58,difference_prefix,1318912
conv-41-qa-59,difference_prefix,1318912
conv-41-qa-60,difference_prefix,1318912
conv-41-qa-61,difference_prefix,1318912
conv-41-qa-62,difference_prefix,1318912
conv-41-qa-63,difference_prefix,1318912
conv-41-qa-64,difference_prefix,1318912
conv-41-qa-65,difference_prefix,1318912
conv-41-qa-66,difference_prefix,1318912
conv-41-qa-67,difference_prefix,1318912
conv-41-qa-68,difference_prefix,1318912
conv-41-qa-69,difference_prefix,1318912
conv-41-qa-70,difference_prefix,1318912
conv-41-qa-71,difference_prefix,1318912
conv-41-qa-72,difference_prefix,1318912
conv-41-qa-73,difference_prefix,1318912
conv-41-qa-74,difference_prefix,1318912
conv-41-qa-75,difference_prefix,1318912
conv-41-qa-76,difference_prefix,1318912
conv-41-qa-77,difference_prefix,1318912
conv-41-qa-78,difference_prefix,1318912
conv-41-qa-79,difference_prefix,1318912
conv-41-qa-80,difference_prefix,1318912
conv-41-qa-81,difference_prefix,1318912
conv-41-qa-82,difference_prefix,1318912
conv-41-qa-83,difference_prefix,1318912
conv-41-qa-84,difference_prefix,1318912
conv-41-qa-85,difference_prefix,1318912
conv-41-qa-86,difference_prefix,1318912
conv-41-qa-87,difference_prefix,1318912
conv-41-qa-88,difference_prefix,1318912
conv-41-qa-89,difference_prefix,1318912
conv-41-qa-90,difference_prefix,1318912
conv-41-qa-91,difference_prefix,1318912
conv-41-qa-92,difference_prefix,1318912
conv-41-qa-93,difference_prefix,1318912
conv-41-qa-94,difference_prefix,1318912
conv-41-qa-95,difference_prefix,1318912
conv-41-qa-96,difference_prefix,1318912
conv-41-qa-97,difference_prefix,1318912
conv-41-qa-98,difference_prefix,1318912
conv-41-qa-99,difference_prefix,1318912
conv-41-qa-100,difference_prefix,1318912
conv-41-qa-101,difference_prefix,1318912
conv-41-qa-102,difference_prefix,1318912
conv-41-qa-103,difference_prefix,1318912
conv-41-qa-104,difference_prefix,1318912
conv-41-qa-105,difference_prefix,1318912
conv-41-qa-106,difference_prefix,1318912
conv-41-qa-107,difference_prefix,1318912
conv-41-qa-108,difference_prefix,1318912
conv-41-qa-109,difference_prefix,1318912
conv-41-qa-110,difference_prefix,1318912
conv-41-qa-111,difference_prefix,1318912
conv-41-qa-112,difference_prefix,1318912
conv-41-qa-113,difference_prefix,1318912
conv-41-qa-114,difference_prefix,1318912
conv-41-qa-115,difference_prefix,1318912
conv-41-qa-116,difference_prefix,1318912
conv-41-qa-117,difference_prefix,1318912
conv-41-qa-118,difference_prefix,1318912
conv-41-qa-119,difference_prefix,1318912
conv-41-qa-120,difference_prefix,1318912
conv-41-qa-121,difference_prefix,1318912
conv-41-qa-122,difference_prefix,1318912
conv-41-qa-123,difference_prefix,1318912
conv-41-qa-124,difference_prefix,1318912
conv-41-qa-125,difference_prefix,1318912
conv-41-qa-126,difference_prefix,1318912
conv-41-qa-127,difference_prefix,1318912
conv-41-qa-128,difference_prefix,1318912
conv-41-qa-129,difference_prefix,1318912
conv-41-qa-130,difference_prefix,1318912
conv-41-qa-131,difference_prefix,1318912
conv-41-qa-132,difference_prefix,1318912
conv-41-qa-133,difference_prefix,1318912
conv-41-qa-134,difference_prefix,1318912
conv-41-qa-135,difference_prefix,1318912
conv-41-qa-136,difference_prefix,1318912
conv-41-qa-137,difference_prefix,1318912
conv-41-qa-138,difference_prefix,1318912
conv-41-qa-139,difference_prefix,1318912
conv-41-qa-140,difference_prefix,1318912
conv-41-qa-141,difference_prefix,1318912
conv-41-qa-142,difference_prefix,1318912
conv-41-qa-143,difference_prefix,1318912
conv-41-qa-144,difference_prefix,1318912
conv-41-qa-145,difference_prefix,1318912
conv-41-qa-146,difference_prefix,1318912
conv-41-qa-147,difference_prefix,1318912
conv-41-qa-148,difference_prefix,1318912
conv-41-qa-149,difference_prefix,1318912
conv-41-qa-150,difference_prefix,1318912
conv-41-qa-151,difference_prefix,1318912
conv-41-qa-152,difference_prefix,1318912
conv-41-qa-153,difference_prefix,1318912
conv-41-qa-154,difference_prefix,1318912
conv-41-qa-155,difference_prefix,1318912
conv-41-qa-156,difference_prefix,1318912
conv-41-qa-157,difference_prefix,1318912
conv-41-qa-158,difference_prefix,1318912
conv-41-qa-159,difference_prefix,1318912
conv-41-qa-160,difference_prefix,1318912
conv-41-qa-161,difference_prefix,1318912
conv-41-qa-162,difference_prefix,1318912
conv-41-qa-163,difference_prefix,1318912
conv-41-qa-164,difference_prefix,1318912
conv-41-qa-165,difference_prefix,1318912
conv-41-qa-166,difference_prefix,1318912
conv-41-qa-167,difference_prefix,1318912
conv-41-qa-168,difference_prefix,1318912
conv-41-qa-169,difference_prefix,1318912
conv-41-qa-170,difference_prefix,1318912
conv-41-qa-171,difference_prefix,1318912
conv-41-qa-172,difference_prefix,1318912
conv-41-qa-173,difference_prefix,1318912
conv-41-qa-174,difference_prefix,1318912
conv-41-qa-175,difference_prefix,1318912
conv-41-qa-176,difference_prefix,1318912
conv-41-qa-177,difference_prefix,1318912
conv-41-qa-178,difference_prefix,1318912
conv-41-qa-179,difference_prefix,1318912
conv-41-qa-180,difference_prefix,1318912
conv-41-qa-181,difference_prefix,1318912
conv-41-qa-182,difference_prefix,1318912
conv-41-qa-183,difference_prefix,1318912
conv-41-qa-184,difference_prefix,1318912
conv-41-qa-185,difference_prefix,1318912
conv-41-qa-186,difference_prefix,1318912
conv-41-qa-187,difference_prefix,1318912
conv-41-qa-188,difference_prefix,1318912
conv-41-qa-189,difference_prefix,1318912
conv-41-qa-190,difference_prefix,1318912
conv-41-qa-191,difference_prefix,1318912
conv-41-qa-192,difference_prefix,1318912
conv-42-qa-0,difference_prefix,1318912
conv-42-qa-1,difference_prefix,1318912
conv-42-qa-2,difference_prefix,1318912
conv-42-qa-3,difference_prefix,1318912
conv-42-qa-4,difference_prefix,1318912
conv-42-qa-5,difference_prefix,1318912
conv-42-qa-6,difference_prefix,1318912
conv-42-qa-7,difference_prefix,1318912
conv-42-qa-8,difference_prefix,1318912
conv-42-qa-9,difference_prefix,1318912
conv-42-qa-10,difference_prefix,1318912
conv-42-qa-11,difference_prefix,1318912
conv-42-qa-12,difference_prefix,1318912
conv-42-qa-13,difference_prefix,1318912
conv-42-qa-14,difference_prefix,1318912
conv-42-qa-15,difference_prefix,1318912
conv-42-qa-16,difference_prefix,1318912
conv-42-qa-17,difference_prefix,1318912
conv-42-qa-18,difference_prefix,1318912
conv-42-qa-19,difference_prefix,1318912
conv-42-qa-20,difference_prefix,1318912
conv-42-qa-21,difference_prefix,1318912
conv-42-qa-22,difference_prefix,1318912
conv-42-qa-23,difference_prefix,1318912
conv-42-qa-24,difference_prefix,1318912
conv-42-qa-25,difference_prefix,1318912
conv-42-qa-26,difference_prefix,1318912
conv-42-qa-27,difference_prefix,1318912
conv-42-qa-28,difference_prefix,1318912
conv-42-qa-29,difference_prefix,1318912
conv-42-qa-30,difference_prefix,1318912
conv-42-qa-31,difference_prefix,1318912
conv-42-qa-32,difference_prefix,1318912
conv-42-qa-33,difference_prefix,1318912
conv-42-qa-34,difference_prefix,1318912
conv-42-qa-35,difference_prefix,1318912
conv-42-qa-36,difference_prefix,1318912
conv-42-qa-37,difference_prefix,1318912
conv-42-qa-38,difference_prefix,1318912
conv-42-qa-39,difference_prefix,1318912
conv-42-qa-40,difference_prefix,1318912
conv-42-qa-41,difference_prefix,1318912
conv-42-qa-42,difference_prefix,1318912
conv-42-qa-43,difference_prefix,1318912
conv-42-qa-44,difference_prefix,1318912
conv-42-qa-45,difference_prefix,1318912
conv-42-qa-46,difference_prefix,1318912
conv-42-qa-47,difference_prefix,1318912
conv-42-qa-48,difference_prefix,1318912
conv-42-qa-49,difference_prefix,1318912
conv-42-qa-50,difference_prefix,1318912
conv-42-qa-51,difference_prefix,1318912
conv-42-qa-52,difference_prefix,1318912
conv-42-qa-53,difference_prefix,1318912
conv-42-qa-54,difference_prefix,1318912
conv-42-qa-55,difference_prefix,1318912
conv-42-qa-56,difference_prefix,1318912
conv-42-qa-57,difference_prefix,1318912
conv-42-qa-58,difference_prefix,1318912
conv-42-qa-59,difference_prefix,1318912
conv-42-qa-60,difference_prefix,1318912
conv-42-qa-61,difference_prefix,1318912
conv-42-qa-62,difference_prefix,1318912
conv-42-qa-63,difference_prefix,1318912
conv-42-qa-64,difference_prefix,1318912
conv-42-qa-65,difference_prefix,1318912
conv-42-qa-66,difference_prefix,1318912
conv-42-qa-67,difference_prefix,1318912
conv-42-qa-68,difference_prefix,1318912
conv-42-qa-69,difference_prefix,1318912
conv-42-qa-70,difference_prefix,1318912
conv-42-qa-71,difference_prefix,1318912
conv-42-qa-72,difference_prefix,1318912
conv-42-qa-73,difference_prefix,1318912
conv-42-qa-74,difference_prefix,1318912
conv-42-qa-75,difference_prefix,1318912
conv-42-qa-76,difference_prefix,1318912
conv-42-qa-77,difference_prefix,1318912
conv-42-qa-78,difference_prefix,1318912
conv-42-qa-79,difference_prefix,1318912
conv-42-qa-80,difference_prefix,1318912
conv-42-qa-81,difference_prefix,1318912
conv-42-qa-82,difference_prefix,1318912
conv-42-qa-83,difference_prefix,1318912
conv-42-qa-84,difference_prefix,1318912
conv-42-qa-85,difference_prefix,1318912
conv-42-qa-86,difference_prefix,1318912
conv-42-qa-87,difference_prefix,1318912
conv-42-qa-88,difference_prefix,1318912
conv-42-qa-89,difference_prefix,1318912
conv-42-qa-90,difference_prefix,1318912
conv-42-qa-91,difference_prefix,1318912
conv-42-qa-92,difference_prefix,1318912
conv-42-qa-93,difference_prefix,1318912
conv-42-qa-94,difference_prefix,1318912
conv-42-qa-95,difference_prefix,1318912
conv-42-qa-96,difference_prefix,1318912
conv-42-qa-97,difference_prefix,1318912
conv-42-qa-98,difference_prefix,1318912
conv-42-qa-99,difference_prefix,1318912
conv-42-qa-100,difference_prefix,1318912
conv-42-qa-101,difference_prefix,1318912
conv-42-qa-102,difference_prefix,1318912
conv-42-qa-103,difference_prefix,1318912
conv-42-qa-104,difference_prefix,1318912
conv-42-qa-105,difference_prefix,1318912
conv-42-qa-106,difference_prefix,1318912
conv-42-qa-107,difference_prefix,1318912
conv-42-qa-108,difference_prefix,1318912
conv-42-qa-109,difference_prefix,1318912
conv-42-qa-110,difference_prefix,1318912
conv-42-qa-111,difference_prefix,1318912
conv-42-qa-112,difference_prefix,1318912
conv-42-qa-113,difference_prefix,1318912
conv-42-qa-114,difference_prefix,1318912
conv-42-qa-115,difference_prefix,1318912
conv-42-qa-116,difference_prefix,1318912
conv-42-qa-117,difference_prefix,1318912
conv-42-qa-118,difference_prefix,1318912
conv-42-qa-119,difference_prefix,1318912
conv-42-qa-120,difference_prefix,1318912
conv-42-qa-121,difference_prefix,1318912
conv-42-qa-122,difference_prefix,1318912
conv-42-qa-123,difference_prefix,1318912
conv-42-qa-124,difference_prefix,1318912
conv-42-qa-125,difference_prefix,1318912
conv-42-qa-126,difference_prefix,1318912
conv-42-qa-127,difference_prefix,1318912
conv-42-qa-128,difference_prefix,1318912
conv-42-qa-129,difference_prefix,1318912
conv-42-qa-130,difference_prefix,1318912
conv-42-qa-131,difference_prefix,1318912
conv-42-qa-132,difference_prefix,1318912
conv-42-qa-133,difference_prefix,1318912
conv-42-qa-134,difference_prefix,1318912
conv-42-qa-135,difference_prefix,1318912
conv-42-qa-136,difference_prefix,1318912
conv-42-qa-137,difference_prefix,1318912
conv-42-qa-138,difference_prefix,1318912
conv-42-qa-139,difference_prefix,1318912
conv-42-qa-140,difference_prefix,1318912
conv-42-qa-141,difference_prefix,1318912
conv-42-qa-142,difference_prefix,1318912
conv-42-qa-143,difference_prefix,1318912
conv-42-qa-144,difference_prefix,1318912
conv-42-qa-145,difference_prefix,1318912
conv-42-qa-146,difference_prefix,1318912
conv-42-qa-147,difference_prefix,1318912
conv-42-qa-148,difference_prefix,1318912
conv-42-qa-149,difference_prefix,1318912
conv-42-qa-150,difference_prefix,1318912
conv-42-qa-151,difference_prefix,1318912
conv-42-qa-152,difference_prefix,1318912
conv-42-qa-153,difference_prefix,1318912
conv-42-qa-154,difference_prefix,1318912
conv-42-qa-155,difference_prefix,1318912
conv-42-qa-156,difference_prefix,1318912
conv-42-qa-157,difference_prefix,1318912
conv-42-qa-158,difference_prefix,1318912
conv-42-qa-159,difference_prefix,1318912
conv-42-qa-160,difference_prefix,1318912
conv-42-qa-161,difference_prefix,1318912
conv-42-qa-162,difference_prefix,1318912
conv-42-qa-163,difference_prefix,1318912
conv-42-qa-164,difference_prefix,1318912
conv-42-qa-165,difference_prefix,1318912
conv-42-qa-166,difference_prefix,1318912
conv-42-qa-167,difference_prefix,1318912
conv-42-qa-168,difference_prefix,1318912
conv-42-qa-169,difference_prefix,1318912
conv-42-qa-170,difference_prefix,1318912
conv-42-qa-171,difference_prefix,1318912
conv-42-qa-172,difference_prefix,1318912
conv-42-qa-173,difference_prefix,1318912
conv-42-qa-174,difference_prefix,1318912
conv-42-qa-175,difference_prefix,1318912
conv-42-qa-176,difference_prefix,1318912
conv-42-qa-177,difference_prefix,1318912
conv-42-qa-178,difference_prefix,1318912
conv-42-qa-179,difference_prefix,1318912
conv-42-qa-180,difference_prefix,1318912
conv-42-qa-181,difference_prefix,1318912
conv-42-qa-182,difference_prefix,1318912
conv-42-qa-183,difference_prefix,1318912
conv-42-qa-184,difference_prefix,1318912
conv-42-qa-185,difference_prefix,1318912
conv-42-qa-186,difference_prefix,1318912
conv-42-qa-187,difference_prefix,1318912
conv-42-qa-188,difference_prefix,1318912
conv-42-qa-189,difference_prefix,1318912
conv-42-qa-190,difference_prefix,1318912
conv-42-qa-191,difference_prefix,1318912
conv-42-qa-192,difference_prefix,1318912
conv-42-qa-193,difference_prefix,1318912
conv-42-qa-194,difference_prefix,1318912
conv-42-qa-195,difference_prefix,1318912
conv-42-qa-196,difference_prefix,1318912
conv-42-qa-197,difference_prefix,1318912
conv-42-qa-198,difference_prefix,1318912
conv-42-qa-199,difference_prefix,1318912
conv-42-qa-200,difference_prefix,1318912
conv-42-qa-201,difference_prefix,1318912
conv-42-qa-202,difference_prefix,1318912
conv-42-qa-203,difference_prefix,1318912
conv-42-qa-204,difference_prefix,1318912
conv-42-qa-205,difference_prefix,1318912
conv-42-qa-206,difference_prefix,1318912
conv-42-qa-207,difference_prefix,1318912
conv-42-qa-208,difference_prefix,1318912
conv-42-qa-209,difference_prefix,1318912
conv-42-qa-210,difference_prefix,1318912
conv-42-qa-211,difference_prefix,1318912
conv-42-qa-212,difference_prefix,1318912
conv-42-qa-213,difference_prefix,1318912
conv-42-qa-214,difference_prefix,1318912
conv-42-qa-215,difference_prefix,1318912
conv-42-qa-216,difference_prefix,1318912
conv-42-qa-217,difference_prefix,1318912
conv-42-qa-218,difference_prefix,1318912
conv-42-qa-219,difference_prefix,1318912
conv-42-qa-220,difference_prefix,1318912
conv-42-qa-221,difference_prefix,1318912
conv-42-qa-222,difference_prefix,1318912
conv-42-qa-223,difference_prefix,1318912
conv-42-qa-224,difference_prefix,1318912
conv-42-qa-225,difference_prefix,1318912
conv-42-qa-226,difference_prefix,1318912
conv-42-qa-227,difference_prefix,1318912
conv-42-qa-228,difference_prefix,1318912
conv-42-qa-229,difference_prefix,1318912
conv-42-qa-230,difference_prefix,1318912
conv-42-qa-231,difference_prefix,1318912
conv-42-qa-232,difference_prefix,1318912
conv-42-qa-233,difference_prefix,1318912
conv-42-qa-234,difference_prefix,1318912
conv-42-qa-235,difference_prefix,1318912
conv-42-qa-236,difference_prefix,1318912
conv-42-qa-237,difference_prefix,1318912
conv-42-qa-238,difference_prefix,1318912
conv-42-qa-239,difference_prefix,1318912
conv-42-qa-240,difference_prefix,1318912
conv-42-qa-241,difference_prefix,1318912
conv-42-qa-242,difference_prefix,1318912
conv-42-qa-243,difference_prefix,1318912
conv-42-qa-244,difference_prefix,1318912
conv-42-qa-245,difference_prefix,1318912
conv-42-qa-246,difference_prefix,1318912
conv-42-qa-247,difference_prefix,1318912
conv-42-qa-248,difference_prefix,1318912
conv-42-qa-249,difference_prefix,1318912
conv-42-qa-250,difference_prefix,1318912
conv-42-qa-251,difference_prefix,1318912
conv-42-qa-252,difference_prefix,1318912
conv-42-qa-253,difference_prefix,1318912
conv-42-qa-254,difference_prefix,1318912
conv-42-qa-255,difference_prefix,1318912
conv-42-qa-256,difference_prefix,1318912
conv-42-qa-257,difference_prefix,1318912
conv-42-qa-258,difference_prefix,1318912
conv-42-qa-259,difference_prefix,1318912
conv-43-qa-0,difference_prefix,1318912
conv-43-qa-1,difference_prefix,1318912
conv-43-qa-2,difference_prefix,1318912
conv-43-qa-3,difference_prefix,1318912
conv-43-qa-4,difference_prefix,1318912
conv-43-qa-5,difference_prefix,1318912
conv-43-qa-6,difference_prefix,1318912
conv-43-qa-7,difference_prefix,1318912
conv-43-qa-8,difference_prefix,1318912
conv-43-qa-9,difference_prefix,1318912
conv-43-qa-10,difference_prefix,1318912
conv-43-qa-11,difference_prefix,1318912
conv-43-qa-12,difference_prefix,1318912
conv-43-qa-13,difference_prefix,1318912
conv-43-qa-14,difference_prefix,1318912
conv-43-qa-15,difference_prefix,1318912
conv-43-qa-16,difference_prefix,1318912
conv-43-qa-17,difference_prefix,1318912
conv-43-qa-18,difference_prefix,1318912
conv-43-qa-19,difference_prefix,1318912
conv-43-qa-20,difference_prefix,1318912
conv-43-qa-21,difference_prefix,1318912
conv-43-qa-22,difference_prefix,1318912
conv-43-qa-23,difference_prefix,1318912
conv-43-qa-24,difference_prefix,1318912
conv-43-qa-25,difference_prefix,1318912
conv-43-qa-26,difference_prefix,1318912
conv-43-qa-27,difference_prefix,1318912
conv-43-qa-28,difference_prefix,1318912
conv-43-qa-29,difference_prefix,1318912
conv-43-qa-30,difference_prefix,1318912
conv-43-qa-31,difference_prefix,1318912
conv-43-qa-32,difference_prefix,1318912
conv-43-qa-33,difference_prefix,1318912
conv-43-qa-34,difference_prefix,1318912
conv-43-qa-35,difference_prefix,1318912
conv-43-qa-36,difference_prefix,1318912
conv-43-qa-37,difference_prefix,1318912
conv-43-qa-38,difference_prefix,1318912
conv-43-qa-39,difference_prefix,1318912
conv-43-qa-40,difference_prefix,1318912
conv-43-qa-41,difference_prefix,1318912
conv-43-qa-42,difference_prefix,1318912
conv-43-qa-43,difference_prefix,1318912
conv-43-qa-44,difference_prefix,1318912
conv-43-qa-45,difference_prefix,1318912
conv-43-qa-46,difference_prefix,1318912
conv-43-qa-47,difference_prefix,1318912
conv-43-qa-48,difference_prefix,1318912
conv-43-qa-49,difference_prefix,1318912
conv-43-qa-50,difference_prefix,1318912
conv-43-qa-51,difference_prefix,1318912
conv-43-qa-52,difference_prefix,1318912
conv-43-qa-53,difference_prefix,1318912
conv-43-qa-54,difference_prefix,1318912
conv-43-qa-55,difference_prefix,1318912
conv-43-qa-56,difference_prefix,1318912
conv-43-qa-57,difference_prefix,1318912
conv-43-qa-58,difference_prefix,1318912
conv-43-qa-59,difference_prefix,1318912
conv-43-qa-60,difference_prefix,1318912
conv-43-qa-61,difference_prefix,1318912
conv-43-qa-62,difference_prefix,1318912
conv-43-qa-63,difference_prefix,1318912
conv-43-qa-64,difference_prefix,1318912
conv-43-qa-65,difference_prefix,1318912
conv-43-qa-66,difference_prefix,1318912
conv-43-qa-67,difference_prefix,1318912
conv-43-qa-68,difference_prefix,1318912
conv-43-qa-69,difference_prefix,1318912
conv-43-qa-70,difference_prefix,1318912
conv-43-qa-71,difference_prefix,1318912
conv-43-qa-72,difference_prefix,1318912
conv-43-qa-73,difference_prefix,1318912
conv-43-qa-74,difference_prefix,1318912
conv-43-qa-75,difference_prefix,1318912
conv-43-qa-76,difference_prefix,1318912
conv-43-qa-77,difference_prefix,1318912
conv-43-qa-78,difference_prefix,1318912
conv-43-qa-79,difference_prefix,1318912
conv-43-qa-80,difference_prefix,1318912
conv-43-qa-81,difference_prefix,1318912
conv-43-qa-82,difference_prefix,1318912
conv-43-qa-83,difference_prefix,1318912
conv-43-qa-84,difference_prefix,1318912
conv-43-qa-85,difference_prefix,1318912
conv-43-qa-86,difference_prefix,1318912
conv-43-qa-87,difference_prefix,1318912
conv-43-qa-88,difference_prefix,1318912
conv-43-qa-89,difference_prefix,1318912
conv-43-qa-90,difference_prefix,1318912
conv-43-qa-91,difference_prefix,1318912
conv-43-qa-92,difference_prefix,1318912
conv-43-qa-93,difference_prefix,1318912
conv-43-qa-94,difference_prefix,1318912
conv-43-qa-95,difference_prefix,1318912
conv-43-qa-96,difference_prefix,1318912
conv-43-qa-97,difference_prefix,1318912
conv-43-qa-98,difference_prefix,1318912
conv-43-qa-99,difference_prefix,1318912
conv-43-qa-100,difference_prefix,1318912
conv-43-qa-101,difference_prefix,1318912
conv-43-qa-102,difference_prefix,1318912
conv-43-qa-103,difference_prefix,1318912
conv-43-qa-104,difference_prefix,1318912
conv-43-qa-105,difference_prefix,1318912
conv-43-qa-106,difference_prefix,1318912
conv-43-qa-107,difference_prefix,1318912
conv-43-qa-108,difference_prefix,1318912
conv-43-qa-109,difference_prefix,1318912
conv-43-qa-110,difference_prefix,1318912
conv-43-qa-111,difference_prefix,1318912
conv-43-qa-112,difference_prefix,1318912
conv-43-qa-113,difference_prefix,1318912
conv-43-qa-114,difference_prefix,1318912
conv-43-qa-115,difference_prefix,1318912
conv-43-qa-116,difference_prefix,1318912
conv-43-qa-117,difference_prefix,1318912
conv-43-qa-118,difference_prefix,1318912
conv-43-qa-119,difference_prefix,1318912
conv-43-qa-120,difference_prefix,1318912
conv-43-qa-121,difference_prefix,1318912
conv-43-qa-122,difference_prefix,1318912
conv-43-qa-123,difference_prefix,1318912
conv-43-qa-124,difference_prefix,1318912
conv-43-qa-125,difference_prefix,1318912
conv-43-qa-126,difference_prefix,1318912
conv-43-qa-127,difference_prefix,1318912
conv-43-qa-128,difference_prefix,1318912
conv-43-qa-129,difference_prefix,1318912
conv-43-qa-130,difference_prefix,1318912
conv-43-qa-131,difference_prefix,1318912
conv-43-qa-132,difference_prefix,1318912
conv-43-qa-133,difference_prefix,1318912
conv-43-qa-134,difference_prefix,1318912
conv-43-qa-135,difference_prefix,1318912
conv-43-qa-136,difference_prefix,1318912
conv-43-qa-137,difference_prefix,1318912
conv-43-qa-138,difference_prefix,1318912
conv-43-qa-139,difference_prefix,1318912
conv-43-qa-140,difference_prefix,1318912
conv-43-qa-141,difference_prefix,1318912
conv-43-qa-142,difference_prefix,1318912
conv-43-qa-143,difference_prefix,1318912
conv-43-qa-144,difference_prefix,1318912
conv-43-qa-145,difference_prefix,1318912
conv-43-qa-146,difference_prefix,1318912
conv-43-qa-147,difference_prefix,1318912
conv-43-qa-148,difference_prefix,1318912
conv-43-qa-149,difference_prefix,1318912
conv-43-qa-150,difference_prefix,1318912
conv-43-qa-151,difference_prefix,1318912
conv-43-qa-152,difference_prefix,1318912
conv-43-qa-153,difference_prefix,1318912
conv-43-qa-154,difference_prefix,1318912
conv-43-qa-155,difference_prefix,1318912
conv-43-qa-156,difference_prefix,1318912
conv-43-qa-157,difference_prefix,1318912
conv-43-qa-158,difference_prefix,1318912
conv-43-qa-159,difference_prefix,1318912
conv-43-qa-160,difference_prefix,1318912
conv-43-qa-161,difference_prefix,1318912
conv-43-qa-162,difference_prefix,1318912
conv-43-qa-163,difference_prefix,1318912
conv-43-qa-164,difference_prefix,1318912
conv-43-qa-165,difference_prefix,1318912
conv-43-qa-166,difference_prefix,1318912
conv-43-qa-167,difference_prefix,1318912
conv-43-qa-168,difference_prefix,1318912
conv-43-qa-169,difference_prefix,1318912
conv-43-qa-170,difference_prefix,1318912
conv-43-qa-171,difference_prefix,1318912
conv-43-qa-172,difference_prefix,1318912
conv-43-qa-173,difference_prefix,1318912
conv-43-qa-174,difference_prefix,1318912
conv-43-qa-175,difference_prefix,1318912
conv-43-qa-176,difference_prefix,1318912
conv-43-qa-177,difference_prefix,1318912
conv-43-qa-178,difference_prefix,1318912
conv-43-qa-179,difference_prefix,1318912
conv-43-qa-180,difference_prefix,1318912
conv-43-qa-181,difference_prefix,1318912
conv-43-qa-182,difference_prefix,1318912
conv-43-qa-183,difference_prefix,1318912
conv-43-qa-184,difference_prefix,1318912
conv-43-qa-185,difference_prefix,1318912
conv-43-qa-186,difference_prefix,1318912
conv-43-qa-187,difference_prefix,1318912
conv-43-qa-188,difference_prefix,1318912
conv-43-qa-189,difference_prefix,1318912
conv-43-qa-190,difference_prefix,1318912
conv-43-qa-191,difference_prefix,1318912
conv-43-qa-192,difference_prefix,1318912
conv-43-qa-193,difference_prefix,1318912
conv-43-qa-194,difference_prefix,1318912
conv-43-qa-195,difference_prefix,1318912
conv-43-qa-196,difference_prefix,1318912
conv-43-qa-197,difference_prefix,1318912
conv-43-qa-198,difference_prefix,1318912
conv-43-qa-199,difference_prefix,1318912
conv-43-qa-200,difference_prefix,1318912
conv-43-qa-201,difference_prefix,1318912
conv-43-qa-202,difference_prefix,1318912
conv-43-qa-203,difference_prefix,1318912
conv-43-qa-204,difference_prefix,1318912
conv-43-qa-205,difference_prefix,1318912
conv-43-qa-206,difference_prefix,1318912
conv-43-qa-207,difference_prefix,1318912
conv-43-qa-208,difference_prefix,1318912
conv-43-qa-209,difference_prefix,1318912
conv-43-qa-210,difference_prefix,1318912
conv-43-qa-211,difference_prefix,1318912
conv-43-qa-212,difference_prefix,1318912
conv-43-qa-213,difference_prefix,1318912
conv-43-qa-214,difference_prefix,1318912
conv-43-qa-215,difference_prefix,1318912
conv-43-qa-216,difference_prefix,1318912
conv-43-qa-217,difference_prefix,1318912
conv-43-qa-218,difference_prefix,1318912
conv-43-qa-219,difference_prefix,1318912
conv-43-qa-220,difference_prefix,1318912
conv-43-qa-221,difference_prefix,1318912
conv-43-qa-222,difference_prefix,1318912
conv-43-qa-223,difference_prefix,1318912
conv-43-qa-224,difference_prefix,1318912
conv-43-qa-225,difference_prefix,1318912
conv-43-qa-226,difference_prefix,1318912
conv-43-qa-227,difference_prefix,1318912
conv-43-qa-228,difference_prefix,1318912
conv-43-qa-229,difference_prefix,1318912
conv-43-qa-230,difference_prefix,1318912
conv-43-qa-231,difference_prefix,1318912
conv-43-qa-232,difference_prefix,1318912
conv-43-qa-233,difference_prefix,1318912
conv-43-qa-234,difference_prefix,1318912
conv-43-qa-235,difference_prefix,1318912
conv-43-qa-236,difference_prefix,1318912
conv-43-qa-237,difference_prefix,1318912
conv-43-qa-238,difference_prefix,1318912
conv-43-qa-239,difference_prefix,1318912
conv-43-qa-240,difference_prefix,1318912
conv-43-qa-241,difference_prefix,1318912
conv-44-qa-0,difference_prefix,1318912
conv-44-qa-1,difference_prefix,1318912
conv-44-qa-2,difference_prefix,1318912
conv-44-qa-3,difference_prefix,1318912
conv-44-qa-4,difference_prefix,1318912
conv-44-qa-5,difference_prefix,1318912
conv-44-qa-6,difference_prefix,1318912
conv-44-qa-7,difference_prefix,1318912
conv-44-qa-8,difference_prefix,1318912
conv-44-qa-9,difference_prefix,1318912
conv-44-qa-10,difference_prefix,1318912
conv-44-qa-11,difference_prefix,1318912
conv-44-qa-12,difference_prefix,1318912
conv-44-qa-13,difference_prefix,1318912
conv-44-qa-14,difference_prefix,1318912
conv-44-qa-15,difference_prefix,1318912
conv-44-qa-16,difference_prefix,1318912
conv-44-qa-17,difference_prefix,1318912
conv-44-qa-18,difference_prefix,1318912
conv-44-qa-19,difference_prefix,1318912
conv-44-qa-20,difference_prefix,1318912
conv-44-qa-21,difference_prefix,1318912
conv-44-qa-22,difference_prefix,1318912
conv-44-qa-23,difference_prefix,1318912
conv-44-qa-24,difference_prefix,1318912
conv-44-qa-25,difference_prefix,1318912
conv-44-qa-26,difference_prefix,1318912
conv-44-qa-27,difference_prefix,1318912
conv-44-qa-28,difference_prefix,1318912
conv-44-qa-29,difference_prefix,1318912
conv-44-qa-30,difference_prefix,1318912
conv-44-qa-31,difference_prefix,1318912
conv-44-qa-32,difference_prefix,1318912
conv-44-qa-33,difference_prefix,1318912
conv-44-qa-34,difference_prefix,1318912
conv-44-qa-35,difference_prefix,1318912
conv-44-qa-36,difference_prefix,1318912
conv-44-qa-37,difference_prefix,1318912
conv-44-qa-38,difference_prefix,1318912
conv-44-qa-39,difference_prefix,1318912
conv-44-qa-40,difference_prefix,1318912
conv-44-qa-41,difference_prefix,1318912
conv-44-qa-42,difference_prefix,1318912
conv-44-qa-43,difference_prefix,1318912
conv-44-qa-44,difference_prefix,1318912
conv-44-qa-45,difference_prefix,1318912
conv-44-qa-46,difference_prefix,1318912
conv-44-qa-47,difference_prefix,1318912
conv-44-qa-48,difference_prefix,1318912
conv-44-qa-49,difference_prefix,1318912
conv-44-qa-50,difference_prefix,1318912
conv-44-qa-51,difference_prefix,1318912
conv-44-qa-52,difference_prefix,1318912
conv-44-qa-53,difference_prefix,1318912
conv-44-qa-54,difference_prefix,1318912
conv-44-qa-55,difference_prefix,1318912
conv-44-qa-56,difference_prefix,1318912
conv-44-qa-57,difference_prefix,1318912
conv-44-qa-58,difference_prefix,1318912
conv-44-qa-59,difference_prefix,1318912
conv-44-qa-60,difference_prefix,1318912
conv-44-qa-61,difference_prefix,1318912
conv-44-qa-62,difference_prefix,1318912
conv-44-qa-63,difference_prefix,1318912
conv-44-qa-64,difference_prefix,1318912
conv-44-qa-65,difference_prefix,1318912
conv-44-qa-66,difference_prefix,1318912
conv-44-qa-67,difference_prefix,1318912
conv-44-qa-68,difference_prefix,1318912
conv-44-qa-69,difference_prefix,1318912
conv-44-qa-70,difference_prefix,1318912
conv-44-qa-71,difference_prefix,1318912
conv-44-qa-72,difference_prefix,1318912
conv-44-qa-73,difference_prefix,1318912
conv-44-qa-74,difference_prefix,1318912
conv-44-qa-75,difference_prefix,1318912
conv-44-qa-76,difference_prefix,1318912
conv-44-qa-77,difference_prefix,1318912
conv-44-qa-78,difference_prefix,1318912
conv-44-qa-79,difference_prefix,1318912
conv-44-qa-80,difference_prefix,1318912
conv-44-qa-81,difference_prefix,1318912
conv-44-qa-82,difference_prefix,1318912
conv-44-qa-83,difference_prefix,1318912
conv-44-qa-84,difference_prefix,1318912
conv-44-qa-85,difference_prefix,1318912
conv-44-qa-86,difference_prefix,1318912
conv-44-qa-87,difference_prefix,1318912
conv-44-qa-88,difference_prefix,1318912
conv-44-qa-89,difference_prefix,1318912
conv-44-qa-90,difference_prefix,1318912
conv-44-qa-91,difference_prefix,1318912
conv-44-qa-92,difference_prefix,1318912
conv-44-qa-93,difference_prefix,1318912
conv-44-qa-94,difference_prefix,1318912
conv-44-qa-95,difference_prefix,1318912
conv-44-qa-96,difference_prefix,1318912
conv-44-qa-97,difference_prefix,1318912
conv-44-qa-98,difference_prefix,1318912
conv-44-qa-99,difference_prefix,1318912
conv-44-qa-100,difference_prefix,1318912
conv-44-qa-101,difference_prefix,1318912
conv-44-qa-102,difference_prefix,1318912
conv-44-qa-103,difference_prefix,1318912
conv-44-qa-104,difference_prefix,1318912
conv-44-qa-105,difference_prefix,1318912
conv-44-qa-106,difference_prefix,1318912
conv-44-qa-107,difference_prefix,1318912
conv-44-qa-108,difference_prefix,1318912
conv-44-qa-109,difference_prefix,1318912
conv-44-qa-110,difference_prefix,1318912
conv-44-qa-111,difference_prefix,1318912
conv-44-qa-112,difference_prefix,1318912
conv-44-qa-113,difference_prefix,1318912
conv-44-qa-114,difference_prefix,1318912
conv-44-qa-115,difference_prefix,1318912
conv-44-qa-116,difference_prefix,1318912
conv-44-qa-117,difference_prefix,1318912
conv-44-qa-118,difference_prefix,1318912
conv-44-qa-119,difference_prefix,1318912
conv-44-qa-120,difference_prefix,1318912
conv-44-qa-121,difference_prefix,1318912
conv-44-qa-122,difference_prefix,1318912
conv-44-qa-123,difference_prefix,1318912
conv-44-qa-124,difference_prefix,1318912
conv-44-qa-125,difference_prefix,1318912
conv-44-qa-126,difference_prefix,1318912
conv-44-qa-127,difference_prefix,1318912
conv-44-qa-128,difference_prefix,1318912
conv-44-qa-129,difference_prefix,1318912
conv-44-qa-130,difference_prefix,1318912
conv-44-qa-131,difference_prefix,1318912
conv-44-qa-132,difference_prefix,1318912
conv-44-qa-133,difference_prefix,1318912
conv-44-qa-134,difference_prefix,1318912
conv-44-qa-135,difference_prefix,1318912
conv-44-qa-136,difference_prefix,1318912
conv-44-qa-137,difference_prefix,1318912
conv-44-qa-138,difference_prefix,1318912
conv-44-qa-139,difference_prefix,1318912
conv-44-qa-140,difference_prefix,1318912
conv-44-qa-141,difference_prefix,1318912
conv-44-qa-142,difference_prefix,1318912
conv-44-qa-143,difference_prefix,1318912
conv-44-qa-144,difference_prefix,1318912
conv-44-qa-145,difference_prefix,1318912
conv-44-qa-146,difference_prefix,1318912
conv-44-qa-147,difference_prefix,1318912
conv-44-qa-148,difference_prefix,1318912
conv-44-qa-149,difference_prefix,1318912
conv-44-qa-150,difference_prefix,1318912
conv-44-qa-151,difference_prefix,1318912
conv-44-qa-152,difference_prefix,1318912
conv-44-qa-153,difference_prefix,1318912
conv-44-qa-154,difference_prefix,1318912
conv-44-qa-155,difference_prefix,1318912
conv-44-qa-156,difference_prefix,1318912
conv-44-qa-157,difference_prefix,1318912
conv-47-qa-0,difference_prefix,1318912
conv-47-qa-1,difference_prefix,1318912
conv-47-qa-2,difference_prefix,1318912
conv-47-qa-3,difference_prefix,1318912
conv-47-qa-4,difference_prefix,1318912
conv-47-qa-5,difference_prefix,1318912
conv-47-qa-6,difference_prefix,1318912
conv-47-qa-7,difference_prefix,1318912
conv-47-qa-8,difference_prefix,1318912
conv-47-qa-9,difference_prefix,1318912
conv-47-qa-10,difference_prefix,1318912
conv-47-qa-11,difference_prefix,1318912
conv-47-qa-12,difference_prefix,1318912
conv-47-qa-13,difference_prefix,1318912
conv-47-qa-14,difference_prefix,1318912
conv-47-qa-15,difference_prefix,1318912
conv-47-qa-16,difference_prefix,1318912
conv-47-qa-17,difference_prefix,1318912
conv-47-qa-18,difference_prefix,1318912
conv-47-qa-19,difference_prefix,1318912
conv-47-qa-20,difference_prefix,1318912
conv-47-qa-21,difference_prefix,1318912
conv-47-qa-22,difference_prefix,1318912
conv-47-qa-23,difference_prefix,1318912
conv-47-qa-24,difference_prefix,1318912
conv-47-qa-25,difference_prefix,1318912
conv-47-qa-26,difference_prefix,1318912
conv-47-qa-27,difference_prefix,1318912
conv-47-qa-28,difference_prefix,1318912
conv-47-qa-29,difference_prefix,1318912
conv-47-qa-30,difference_prefix,1318912
conv-47-qa-31,difference_prefix,1318912
conv-47-qa-32,difference_prefix,1318912
conv-47-qa-33,difference_prefix,1318912
conv-47-qa-34,difference_prefix,1318912
conv-47-qa-35,difference_prefix,1318912
conv-47-qa-36,difference_prefix,1318912
conv-47-qa-37,difference_prefix,1318912
conv-47-qa-38,difference_prefix,1318912
conv-47-qa-39,difference_prefix,1318912
conv-47-qa-40,difference_prefix,1318912
conv-47-qa-41,difference_prefix,1318912
conv-47-qa-42,difference_prefix,1318912
conv-47-qa-43,difference_prefix,1318912
conv-47-qa-44,difference_prefix,1318912
conv-47-qa-45,difference_prefix,1318912
conv-47-qa-46,difference_prefix,1318912
conv-47-qa-47,difference_prefix,1318912
conv-47-qa-48,difference_prefix,1318912
conv-47-qa-49,difference_prefix,1318912
conv-47-qa-50,difference_prefix,1318912
conv-47-qa-51,difference_prefix,1318912
conv-47-qa-52,difference_prefix,1318912
conv-47-qa-53,difference_prefix,1318912
conv-47-qa-54,difference_prefix,1318912
conv-47-qa-55,difference_prefix,1318912
conv-47-qa-56,difference_prefix,1318912
conv-47-qa-57,difference_prefix,1318912
conv-47-qa-58,difference_prefix,1318912
conv-47-qa-59,difference_prefix,1318912
conv-47-qa-60,difference_prefix,1318912
conv-47-qa-61,difference_prefix,1318912
conv-47-qa-62,difference_prefix,1318912
conv-47-qa-63,difference_prefix,1318912
conv-47-qa-64,difference_prefix,1318912
conv-47-qa-65,difference_prefix,1318912
conv-47-qa-66,difference_prefix,1318912
conv-47-qa-67,difference_prefix,1318912
conv-47-qa-68,difference_prefix,1318912
conv-47-qa-69,difference_prefix,1318912
conv-47-qa-70,difference_prefix,1318912
conv-47-qa-71,difference_prefix,1318912
conv-47-qa-72,difference_prefix,1318912
conv-47-qa-73,difference_prefix,1318912
conv-47-qa-74,difference_prefix,1318912
conv-47-qa-75,difference_prefix,1318912
conv-47-qa-76,difference_prefix,1318912
conv-47-qa-77,difference_prefix,1318912
conv-47-qa-78,difference_prefix,1318912
conv-47-qa-79,difference_prefix,1318912
conv-47-qa-80,difference_prefix,1318912
conv-47-qa-81,difference_prefix,1318912
conv-47-qa-82,difference_prefix,1318912
conv-47-qa-83,difference_prefix,1318912
conv-47-qa-84,difference_prefix,1318912
conv-47-qa-85,difference_prefix,1318912
conv-47-qa-86,difference_prefix,1318912
conv-47-qa-87,difference_prefix,1318912
conv-47-qa-88,difference_prefix,1318912
conv-47-qa-89,difference_prefix,1318912
conv-47-qa-90,difference_prefix,1318912
conv-47-qa-91,difference_prefix,1318912
conv-47-qa-92,difference_prefix,1318912
conv-47-qa-93,difference_prefix,1318912
conv-47-qa-94,difference_prefix,1318912
conv-47-qa-95,difference_prefix,1318912
conv-47-qa-96,difference_prefix,1318912
conv-47-qa-97,difference_prefix,1318912
conv-47-qa-98,difference_prefix,1318912
conv-47-qa-99,difference_prefix,1318912
conv-47-qa-100,difference_prefix,1318912
conv-47-qa-101,difference_prefix,1318912
conv-47-qa-102,difference_prefix,1318912
conv-47-qa-103,difference_prefix,1318912
conv-47-qa-104,difference_prefix,1318912
conv-47-qa-105,difference_prefix,1318912
conv-47-qa-106,difference_prefix,1318912
conv-47-qa-107,difference_prefix,1318912
conv-47-qa-108,difference_prefix,1318912
conv-47-qa-109,difference_prefix,1318912
conv-47-qa-110,difference_prefix,1318912
conv-47-qa-111,difference_prefix,1318912
conv-47-qa-112,difference_prefix,1318912
conv-47-qa-113,difference_prefix,1318912
conv-47-qa-114,difference_prefix,1318912
conv-47-qa-115,difference_prefix,1318912
conv-47-qa-116,difference_prefix,1318912
conv-47-qa-117,difference_prefix,1318912
conv-47-qa-118,difference_prefix,1318912
conv-47-qa-119,difference_prefix,1318912
conv-47-qa-120,difference_prefix,1318912
conv-47-qa-121,difference_prefix,1318912
conv-47-qa-122,difference_prefix,1318912
conv-47-qa-123,difference_prefix,1318912
conv-47-qa-124,difference_prefix,1318912
conv-47-qa-125,difference_prefix,1318912
conv-47-qa-126,difference_prefix,1318912
conv-47-qa-127,difference_prefix,1318912
conv-47-qa-128,difference_prefix,1318912
conv-47-qa-129,difference_prefix,1318912
conv-47-qa-130,difference_prefix,1318912
conv-47-qa-131,difference_prefix,1318912
conv-47-qa-132,difference_prefix,1318912
conv-47-qa-133,difference_prefix,1318912
conv-47-qa-134,difference_prefix,1318912
conv-47-qa-135,difference_prefix,1318912
conv-47-qa-136,difference_prefix,1318912
conv-47-qa-137,difference_prefix,1318912
conv-47-qa-138,difference_prefix,1318912
conv-47-qa-139,difference_prefix,1318912
conv-47-qa-140,difference_prefix,1318912
conv-47-qa-141,difference_prefix,1318912
conv-47-qa-142,difference_prefix,1318912
conv-47-qa-143,difference_prefix,1318912
conv-47-qa-144,difference_prefix,1318912
conv-47-qa-145,difference_prefix,1318912
conv-47-qa-146,difference_prefix,1318912
conv-47-qa-147,difference_prefix,1318912
conv-47-qa-148,difference_prefix,1318912
conv-47-qa-149,difference_prefix,1318912
conv-47-qa-150,difference_prefix,1318912
conv-47-qa-151,difference_prefix,1318912
conv-47-qa-152,difference_prefix,1318912
conv-47-qa-153,difference_prefix,1318912
conv-47-qa-154,difference_prefix,1318912
conv-47-qa-155,difference_prefix,1318912
conv-47-qa-156,difference_prefix,1318912
conv-47-qa-157,difference_prefix,1318912
conv-47-qa-158,difference_prefix,1318912
conv-47-qa-159,difference_prefix,1318912
conv-47-qa-160,difference_prefix,1318912
conv-47-qa-161,difference_prefix,1318912
conv-47-qa-162,difference_prefix,1318912
conv-47-qa-163,difference_prefix,1318912
conv-47-qa-164,difference_prefix,1318912
conv-47-qa-165,difference_prefix,1318912
conv-47-qa-166,difference_prefix,1318912
conv-47-qa-167,difference_prefix,1318912
conv-47-qa-168,difference_prefix,1318912
conv-47-qa-169,difference_prefix,1318912
conv-47-qa-170,difference_prefix,1318912
conv-47-qa-171,difference_prefix,1318912
conv-47-qa-172,difference_prefix,1318912
conv-47-qa-173,difference_prefix,1318912
conv-47-qa-174,difference_prefix,1318912
conv-47-qa-175,difference_prefix,1318912
conv-47-qa-176,difference_prefix,1318912
conv-47-qa-177,difference_prefix,1318912
conv-47-qa-178,difference_prefix,1318912
conv-47-qa-179,difference_prefix,1318912
conv-47-qa-180,difference_prefix,1318912
conv-47-qa-181,difference_prefix,1318912
conv-47-qa-182,difference_prefix,1318912
conv-47-qa-183,difference_prefix,1318912
conv-47-qa-184,difference_prefix,1318912
conv-47-qa-185,difference_prefix,1318912
conv-47-qa-186,difference_prefix,1318912
conv-47-qa-187,difference_prefix,1318912
conv-47-qa-188,difference_prefix,1318912
conv-47-qa-189,difference_prefix,1318912
conv-48-qa-0,difference_prefix,1318912
conv-48-qa-1,difference_prefix,1318912
conv-48-qa-2,difference_prefix,1318912
conv-48-qa-3,difference_prefix,1318912
conv-48-qa-4,difference_prefix,1318912
conv-48-qa-5,difference_prefix,1318912
conv-48-qa-6,difference_prefix,1318912
conv-48-qa-7,difference_prefix,1318912
conv-48-qa-8,difference_prefix,1318912
conv-48-qa-9,difference_prefix,1318912
conv-48-qa-10,difference_prefix,1318912
conv-48-qa-11,difference_prefix,1318912
conv-48-qa-12,difference_prefix,1318912
conv-48-qa-13,difference_prefix,1318912
conv-48-qa-14,difference_prefix,1318912
conv-48-qa-15,difference_prefix,1318912
conv-48-qa-16,difference_prefix,1318912
conv-48-qa-17,difference_prefix,1318912
conv-48-qa-18,difference_prefix,1318912
conv-48-qa-19,difference_prefix,1318912
conv-48-qa-20,difference_prefix,1318912
conv-48-qa-21,difference_prefix,1318912
conv-48-qa-22,difference_prefix,1318912
conv-48-qa-23,difference_prefix,1318912
conv-48-qa-24,difference_prefix,1318912
conv-48-qa-25,difference_prefix,1318912
conv-48-qa-26,difference_prefix,1318912
conv-48-qa-27,difference_prefix,1318912
conv-48-qa-28,difference_prefix,1318912
conv-48-qa-29,difference_prefix,1318912
conv-48-qa-30,difference_prefix,1318912
conv-48-qa-31,difference_prefix,1318912
conv-48-qa-32,difference_prefix,1318912
conv-48-qa-33,difference_prefix,1318912
conv-48-qa-34,difference_prefix,1318912
conv-48-qa-35,difference_prefix,1318912
conv-48-qa-36,difference_prefix,1318912
conv-48-qa-37,difference_prefix,1318912
conv-48-qa-38,difference_prefix,1318912
conv-48-qa-39,difference_prefix,1318912
conv-48-qa-40,difference_prefix,1318912
conv-48-qa-41,difference_prefix,1318912
conv-48-qa-42,difference_prefix,1318912
conv-48-qa-43,difference_prefix,1318912
conv-48-qa-44,difference_prefix,1318912
conv-48-qa-45,difference_prefix,1318912
conv-48-qa-46,difference_prefix,1318912
conv-48-qa-47,difference_prefix,1318912
conv-48-qa-48,difference_prefix,1318912
conv-48-qa-49,difference_prefix,1318912
conv-48-qa-50,difference_prefix,1318912
conv-48-qa-51,difference_prefix,1318912
conv-48-qa-52,difference_prefix,1318912
conv-48-qa-53,difference_prefix,1318912
conv-48-qa-54,difference_prefix,1318912
conv-48-qa-55,difference_prefix,1318912
conv-48-qa-56,difference_prefix,1318912
conv-48-qa-57,difference_prefix,1318912
conv-48-qa-58,difference_prefix,1318912
conv-48-qa-59,difference_prefix,1318912
conv-48-qa-60,difference_prefix,1318912
conv-48-qa-61,difference_prefix,1318912
conv-48-qa-62,difference_prefix,1318912
conv-48-qa-63,difference_prefix,1318912
conv-48-qa-64,difference_prefix,1318912
conv-48-qa-65,difference_prefix,1318912
conv-48-qa-66,difference_prefix,1318912
conv-48-qa-67,difference_prefix,1318912
conv-48-qa-68,difference_prefix,1318912
conv-48-qa-69,difference_prefix,1318912
conv-48-qa-70,difference_prefix,1318912
conv-48-qa-71,difference_prefix,1318912
conv-48-qa-72,difference_prefix,1318912
conv-48-qa-73,difference_prefix,1318912
conv-48-qa-74,difference_prefix,1318912
conv-48-qa-75,difference_prefix,1318912
conv-48-qa-76,difference_prefix,1318912
conv-48-qa-77,difference_prefix,1318912
conv-48-qa-78,difference_prefix,1318912
conv-48-qa-79,difference_prefix,1318912
conv-48-qa-80,difference_prefix,1318912
conv-48-qa-81,difference_prefix,1318912
conv-48-qa-82,difference_prefix,1318912
conv-48-qa-83,difference_prefix,1318912
conv-48-qa-84,difference_prefix,1318912
conv-48-qa-85,difference_prefix,1318912
conv-48-qa-86,difference_prefix,1318912
conv-48-qa-87,difference_prefix,1318912
conv-48-qa-88,difference_prefix,1318912
conv-48-qa-89,difference_prefix,1318912
conv-48-qa-90,difference_prefix,1318912
conv-48-qa-91,difference_prefix,1318912
conv-48-qa-92,difference_prefix,1318912
conv-48-qa-93,difference_prefix,1318912
conv-48-qa-94,difference_prefix,1318912
conv-48-qa-95,difference_prefix,1318912
conv-48-qa-96,difference_prefix,1318912
conv-48-qa-97,difference_prefix,1318912
conv-48-qa-98,difference_prefix,1318912
conv-48-qa-99,difference_prefix,1318912
conv-48-qa-100,difference_prefix,1318912
conv-48-qa-101,difference_prefix,1318912
conv-48-qa-102,difference_prefix,1318912
conv-48-qa-103,difference_prefix,1318912
conv-48-qa-104,difference_prefix,1318912
conv-48-qa-105,difference_prefix,1318912
conv-48-qa-106,difference_prefix,1318912
conv-48-qa-107,difference_prefix,1318912
conv-48-qa-108,difference_prefix,1318912
conv-48-qa-109,difference_prefix,1318912
conv-48-qa-110,difference_prefix,1318912
conv-48-qa-111,difference_prefix,1318912
conv-48-qa-112,difference_prefix,1318912
conv-48-qa-113,difference_prefix,1318912
conv-48-qa-114,difference_prefix,1318912
conv-48-qa-115,difference_prefix,1318912
conv-48-qa-116,difference_prefix,1318912
conv-48-qa-117,difference_prefix,1318912
conv-48-qa-118,difference_prefix,1318912
conv-48-qa-119,difference_prefix,1318912
conv-48-qa-120,difference_prefix,1318912
conv-48-qa-121,difference_prefix,1318912
conv-48-qa-122,difference_prefix,1318912
conv-48-qa-123,difference_prefix,1318912
conv-48-qa-124,difference_prefix,1318912
conv-48-qa-125,difference_prefix,1318912
conv-48-qa-126,difference_prefix,1318912
conv-48-qa-127,difference_prefix,1318912
conv-48-qa-128,difference_prefix,1318912
conv-48-qa-129,difference_prefix,1318912
conv-48-qa-130,difference_prefix,1318912
conv-48-qa-131,difference_prefix,1318912
conv-48-qa-132,difference_prefix,1318912
conv-48-qa-133,difference_prefix,1318912
conv-48-qa-134,difference_prefix,1318912
conv-48-qa-135,difference_prefix,1318912
conv-48-qa-136,difference_prefix,1318912
conv-48-qa-137,difference_prefix,1318912
conv-48-qa-138,difference_prefix,1318912
conv-48-qa-139,difference_prefix,1318912
conv-48-qa-140,difference_prefix,1318912
conv-48-qa-141,difference_prefix,1318912
conv-48-qa-142,difference_prefix,1318912
conv-48-qa-143,difference_prefix,1318912
conv-48-qa-144,difference_prefix,1318912
conv-48-qa-145,difference_prefix,1318912
conv-48-qa-146,difference_prefix,1318912
conv-48-qa-147,difference_prefix,1318912
conv-48-qa-148,difference_prefix,1318912
conv-48-qa-149,difference_prefix,1318912
conv-48-qa-150,difference_prefix,1318912
conv-48-qa-151,difference_prefix,1318912
conv-48-qa-152,difference_prefix,1318912
conv-48-qa-153,difference_prefix,1318912
conv-48-qa-154,difference_prefix,1318912
conv-48-qa-155,difference_prefix,1318912
conv-48-qa-156,difference_prefix,1318912
conv-48-qa-157,difference_prefix,1318912
conv-48-qa-158,difference_prefix,1318912
conv-48-qa-159,difference_prefix,1318912
conv-48-qa-160,difference_prefix,1318912
conv-48-qa-161,difference_prefix,1318912
conv-48-qa-162,difference_prefix,1318912
conv-48-qa-163,difference_prefix,1318912
conv-48-qa-164,difference_prefix,1318912
conv-48-qa-165,difference_prefix,1318912
conv-48-qa-166,difference_prefix,1318912
conv-48-qa-167,difference_prefix,1318912
conv-48-qa-168,difference_prefix,1318912
conv-48-qa-169,difference_prefix,1318912
conv-48-qa-170,difference_prefix,1318912
conv-48-qa-171,difference_prefix,1318912
conv-48-qa-172,difference_prefix,1318912
conv-48-qa-173,difference_prefix,1318912
conv-48-qa-174,difference_prefix,1318912
conv-48-qa-175,difference_prefix,1318912
conv-48-qa-176,difference_prefix,1318912
conv-48-qa-177,difference_prefix,1318912
conv-48-qa-178,difference_prefix,1318912
conv-48-qa-179,difference_prefix,1318912
conv-48-qa-180,difference_prefix,1318912
conv-48-qa-181,difference_prefix,1318912
conv-48-qa-182,difference_prefix,1318912
conv-48-qa-183,difference_prefix,1318912
conv-48-qa-184,difference_prefix,1318912
conv-48-qa-185,difference_prefix,1318912
conv-48-qa-186,difference_prefix,1318912
conv-48-qa-187,difference_prefix,1318912
conv-48-qa-188,difference_prefix,1318912
conv-48-qa-189,difference_prefix,1318912
conv-48-qa-190,difference_prefix,1318912
conv-48-qa-191,difference_prefix,1318912
conv-48-qa-192,difference_prefix,1318912
conv-48-qa-193,difference_prefix,1318912
conv-48-qa-194,difference_prefix,1318912
conv-48-qa-195,difference_prefix,1318912
conv-48-qa-196,difference_prefix,1318912
conv-48-qa-197,difference_prefix,1318912
conv-48-qa-198,difference_prefix,1318912
conv-48-qa-199,difference_prefix,1318912
conv-48-qa-200,difference_prefix,1318912
conv-48-qa-201,difference_prefix,1318912
conv-48-qa-202,difference_prefix,1318912
conv-48-qa-203,difference_prefix,1318912
conv-48-qa-204,difference_prefix,1318912
conv-48-qa-205,difference_prefix,1318912
conv-48-qa-206,difference_prefix,1318912
conv-48-qa-207,difference_prefix,1318912
conv-48-qa-208,difference_prefix,1318912
conv-48-qa-209,difference_prefix,1318912
conv-48-qa-210,difference_prefix,1318912
conv-48-qa-211,difference_prefix,1318912
conv-48-qa-212,difference_prefix,1318912
conv-48-qa-213,difference_prefix,1318912
conv-48-qa-214,difference_prefix,1318912
conv-48-qa-215,difference_prefix,1318912
conv-48-qa-216,difference_prefix,1318912
conv-48-qa-217,difference_prefix,1318912
conv-48-qa-218,difference_prefix,1318912
conv-48-qa-219,difference_prefix,1318912
conv-48-qa-220,difference_prefix,1318912
conv-48-qa-221,difference_prefix,1318912
conv-48-qa-222,difference_prefix,1318912
conv-48-qa-223,difference_prefix,1318912
conv-48-qa-224,difference_prefix,1318912
conv-48-qa-225,difference_prefix,1318912
conv-48-qa-226,difference_prefix,1318912
conv-48-qa-227,difference_prefix,1318912
conv-48-qa-228,difference_prefix,1318912
conv-48-qa-229,difference_prefix,1318912
conv-48-qa-230,difference_prefix,1318912
conv-48-qa-231,difference_prefix,1318912
conv-48-qa-232,difference_prefix,1318912
conv-48-qa-233,difference_prefix,1318912
conv-48-qa-234,difference_prefix,1318912
conv-48-qa-235,difference_prefix,1318912
conv-48-qa-236,difference_prefix,1318912
conv-48-qa-237,difference_prefix,1318912
conv-48-qa-238,difference_prefix,1318912
conv-49-qa-0,difference_prefix,1318912
conv-49-qa-1,difference_prefix,1318912
conv-49-qa-2,difference_prefix,1318912
conv-49-qa-3,difference_prefix,1318912
conv-49-qa-4,difference_prefix,1318912
conv-49-qa-5,difference_prefix,1318912
conv-49-qa-6,difference_prefix,1318912
conv-49-qa-7,difference_prefix,1318912
conv-49-qa-8,difference_prefix,1318912
conv-49-qa-9,difference_prefix,1318912
conv-49-qa-10,difference_prefix,1318912
conv-49-qa-11,difference_prefix,1318912
conv-49-qa-12,difference_prefix,1318912
conv-49-qa-13,difference_prefix,1318912
conv-49-qa-14,difference_prefix,1318912
conv-49-qa-15,difference_prefix,1318912
conv-49-qa-16,difference_prefix,1318912
conv-49-qa-17,difference_prefix,1318912
conv-49-qa-18,difference_prefix,1318912
conv-49-qa-19,difference_prefix,1318912
conv-49-qa-20,difference_prefix,1318912
conv-49-qa-21,difference_prefix,1318912
conv-49-qa-22,difference_prefix,1318912
conv-49-qa-23,difference_prefix,1318912
conv-49-qa-24,difference_prefix,1318912
conv-49-qa-25,difference_prefix,1318912
conv-49-qa-26,difference_prefix,1318912
conv-49-qa-27,difference_prefix,1318912
conv-49-qa-28,difference_prefix,1318912
conv-49-qa-29,difference_prefix,1318912
conv-49-qa-30,difference_prefix,1318912
conv-49-qa-31,difference_prefix,1318912
conv-49-qa-32,difference_prefix,1318912
conv-49-qa-33,difference_prefix,1318912
conv-49-qa-34,difference_prefix,1318912
conv-49-qa-35,difference_prefix,1318912
conv-49-qa-36,difference_prefix,1318912
conv-49-qa-37,difference_prefix,1318912
conv-49-qa-38,difference_prefix,1318912
conv-49-qa-39,difference_prefix,1318912
conv-49-qa-40,difference_prefix,1318912
conv-49-qa-41,difference_prefix,1318912
conv-49-qa-42,difference_prefix,1318912
conv-49-qa-43,difference_prefix,1318912
conv-49-qa-44,difference_prefix,1318912
conv-49-qa-45,difference_prefix,1318912
conv-49-qa-46,difference_prefix,1318912
conv-49-qa-47,difference_prefix,1318912
conv-49-qa-48,difference_prefix,1318912
conv-49-qa-49,difference_prefix,1318912
conv-49-qa-50,difference_prefix,1318912
conv-49-qa-51,difference_prefix,1318912
conv-49-qa-52,difference_prefix,1318912
conv-49-qa-53,difference_prefix,1318912
conv-49-qa-54,difference_prefix,1318912
conv-49-qa-55,difference_prefix,1318912
conv-49-qa-56,difference_prefix,1318912
conv-49-qa-57,difference_prefix,1318912
conv-49-qa-58,difference_prefix,1318912
conv-49-qa-59,difference_prefix,1318912
conv-49-qa-60,difference_prefix,1318912
conv-49-qa-61,difference_prefix,1318912
conv-49-qa-62,difference_prefix,1318912
conv-49-qa-63,difference_prefix,1318912
conv-49-qa-64,difference_prefix,1318912
conv-49-qa-65,difference_prefix,1318912
conv-49-qa-66,difference_prefix,1318912
conv-49-qa-67,difference_prefix,1318912
conv-49-qa-68,difference_prefix,1318912
conv-49-qa-69,difference_prefix,1318912
conv-49-qa-70,difference_prefix,1318912
conv-49-qa-71,difference_prefix,1318912
conv-49-qa-72,difference_prefix,1318912
conv-49-qa-73,difference_prefix,1318912
conv-49-qa-74,difference_prefix,1318912
conv-49-qa-75,difference_prefix,1318912
conv-49-qa-76,difference_prefix,1318912
conv-49-qa-77,difference_prefix,1318912
conv-49-qa-78,difference_prefix,1318912
conv-49-qa-79,difference_prefix,1318912
conv-49-qa-80,difference_prefix,1318912
conv-49-qa-81,difference_prefix,1318912
conv-49-qa-82,difference_prefix,1318912
conv-49-qa-83,difference_prefix,1318912
conv-49-qa-84,difference_prefix,1318912
conv-49-qa-85,difference_prefix,1318912
conv-49-qa-86,difference_prefix,1318912
conv-49-qa-87,difference_prefix,1318912
conv-49-qa-88,difference_prefix,1318912
conv-49-qa-89,difference_prefix,1318912
conv-49-qa-90,difference_prefix,1318912
conv-49-qa-91,difference_prefix,1318912
conv-49-qa-92,difference_prefix,1318912
conv-49-qa-93,difference_prefix,1318912
conv-49-qa-94,difference_prefix,1318912
conv-49-qa-95,difference_prefix,1318912
conv-49-qa-96,difference_prefix,1318912
conv-49-qa-97,difference_prefix,1318912
conv-49-qa-98,difference_prefix,1318912
conv-49-qa-99,difference_prefix,1318912
conv-49-qa-100,difference_prefix,1318912
conv-49-qa-101,difference_prefix,1318912
conv-49-qa-102,difference_prefix,1318912
conv-49-qa-103,difference_prefix,1318912
conv-49-qa-104,difference_prefix,1318912
conv-49-qa-105,difference_prefix,1318912
conv-49-qa-106,difference_prefix,1318912
conv-49-qa-107,difference_prefix,1318912
conv-49-qa-108,difference_prefix,1318912
conv-49-qa-109,difference_prefix,1318912
conv-49-qa-110,difference_prefix,1318912
conv-49-qa-111,difference_prefix,1318912
conv-49-qa-112,difference_prefix,1318912
conv-49-qa-113,difference_prefix,1318912
conv-49-qa-114,difference_prefix,1318912
conv-49-qa-115,difference_prefix,1318912
conv-49-qa-116,difference_prefix,1318912
conv-49-qa-117,difference_prefix,1318912
conv-49-qa-118,difference_prefix,1318912
conv-49-qa-119,difference_prefix,1318912
conv-49-qa-120,difference_prefix,1318912
conv-49-qa-121,difference_prefix,1318912
conv-49-qa-122,difference_prefix,1318912
conv-49-qa-123,difference_prefix,1318912
conv-49-qa-124,difference_prefix,1318912
conv-49-qa-125,difference_prefix,1318912
conv-49-qa-126,difference_prefix,1318912
conv-49-qa-127,difference_prefix,1318912
conv-49-qa-128,difference_prefix,1318912
conv-49-qa-129,difference_prefix,1318912
conv-49-qa-130,difference_prefix,1318912
conv-49-qa-131,difference_prefix,1318912
conv-49-qa-132,difference_prefix,1318912
conv-49-qa-133,difference_prefix,1318912
conv-49-qa-134,difference_prefix,1318912
conv-49-qa-135,difference_prefix,1318912
conv-49-qa-136,difference_prefix,1318912
conv-49-qa-137,difference_prefix,1318912
conv-49-qa-138,difference_prefix,1318912
conv-49-qa-139,difference_prefix,1318912
conv-49-qa-140,difference_prefix,1318912
conv-49-qa-141,difference_prefix,1318912
conv-49-qa-142,difference_prefix,1318912
conv-49-qa-143,difference_prefix,1318912
conv-49-qa-144,difference_prefix,1318912
conv-49-qa-145,difference_prefix,1318912
conv-49-qa-146,difference_prefix,1318912
conv-49-qa-147,difference_prefix,1318912
conv-49-qa-148,difference_prefix,1318912
conv-49-qa-149,difference_prefix,1318912
conv-49-qa-150,difference_prefix,1318912
conv-49-qa-151,difference_prefix,1318912
conv-49-qa-152,difference_prefix,1318912
conv-49-qa-153,difference_prefix,1318912
conv-49-qa-154,difference_prefix,1318912
conv-49-qa-155,difference_prefix,1318912
conv-49-qa-156,difference_prefix,1318912
conv-49-qa-157,difference_prefix,1318912
conv-49-qa-158,difference_prefix,1318912
conv-49-qa-159,difference_prefix,1318912
conv-49-qa-160,difference_prefix,1318912
conv-49-qa-161,difference_prefix,1318912
conv-49-qa-162,difference_prefix,1318912
conv-49-qa-163,difference_prefix,1318912
conv-49-qa-164,difference_prefix,1318912
conv-49-qa-165,difference_prefix,1318912
conv-49-qa-166,difference_prefix,1318912
conv-49-qa-167,difference_prefix,1318912
conv-49-qa-168,difference_prefix,1318912
conv-49-qa-169,difference_prefix,1318912
conv-49-qa-170,difference_prefix,1318912
conv-49-qa-171,difference_prefix,1318912
conv-49-qa-172,difference_prefix,1318912
conv-49-qa-173,difference_prefix,1318912
conv-49-qa-174,difference_prefix,1318912
conv-49-qa-175,difference_prefix,1318912
conv-49-qa-176,difference_prefix,1318912
conv-49-qa-177,difference_prefix,1318912
conv-49-qa-178,difference_prefix,1318912
conv-49-qa-179,difference_prefix,1318912
conv-49-qa-180,difference_prefix,1318912
conv-49-qa-181,difference_prefix,1318912
conv-49-qa-182,difference_prefix,1318912
conv-49-qa-183,difference_prefix,1318912
conv-49-qa-184,difference_prefix,1318912
conv-49-qa-185,difference_prefix,1318912
conv-49-qa-186,difference_prefix,1318912
conv-49-qa-187,difference_prefix,1318912
conv-49-qa-188,difference_prefix,1318912
conv-49-qa-189,difference_prefix,1318912
conv-49-qa-190,difference_prefix,1318912
conv-49-qa-191,difference_prefix,1318912
conv-49-qa-192,difference_prefix,1318912
conv-49-qa-193,difference_prefix,1318912
conv-49-qa-194,difference_prefix,1318912
conv-49-qa-195,difference_prefix,1318912
conv-50-qa-0,difference_prefix,1318912
conv-50-qa-1,difference_prefix,1318912
conv-50-qa-2,difference_prefix,1318912
conv-50-qa-3,difference_prefix,1318912
conv-50-qa-4,difference_prefix,1318912
conv-50-qa-5,difference_prefix,1318912
conv-50-qa-6,difference_prefix,1318912
conv-50-qa-7,difference_prefix,1318912
conv-50-qa-8,difference_prefix,1318912
conv-50-qa-9,difference_prefix,1318912
conv-50-qa-10,difference_prefix,1318912
conv-50-qa-11,difference_prefix,1318912
conv-50-qa-12,difference_prefix,1318912
conv-50-qa-13,difference_prefix,1318912
conv-50-qa-14,difference_prefix,1318912
conv-50-qa-15,difference_prefix,1318912
conv-50-qa-16,difference_prefix,1318912
conv-50-qa-17,difference_prefix,1318912
conv-50-qa-18,difference_prefix,1318912
conv-50-qa-19,difference_prefix,1318912
conv-50-qa-20,difference_prefix,1318912
conv-50-qa-21,difference_prefix,1318912
conv-50-qa-22,difference_prefix,1318912
conv-50-qa-23,difference_prefix,1318912
conv-50-qa-24,difference_prefix,1318912
conv-50-qa-25,difference_prefix,1318912
conv-50-qa-26,difference_prefix,1318912
conv-50-qa-27,difference_prefix,1318912
conv-50-qa-28,difference_prefix,1318912
conv-50-qa-29,difference_prefix,1318912
conv-50-qa-30,difference_prefix,1318912
conv-50-qa-31,difference_prefix,1318912
conv-50-qa-32,difference_prefix,1318912
conv-50-qa-33,difference_prefix,1318912
conv-50-qa-34,difference_prefix,1318912
conv-50-qa-35,difference_prefix,1318912
conv-50-qa-36,difference_prefix,1318912
conv-50-qa-37,difference_prefix,1318912
conv-50-qa-38,difference_prefix,1318912
conv-50-qa-39,difference_prefix,1318912
conv-50-qa-40,difference_prefix,1318912
conv-50-qa-41,difference_prefix,1318912
conv-50-qa-42,difference_prefix,1318912
conv-50-qa-43,difference_prefix,1318912
conv-50-qa-44,difference_prefix,1318912
conv-50-qa-45,difference_prefix,1318912
conv-50-qa-46,difference_prefix,1318912
conv-50-qa-47,difference_prefix,1318912
conv-50-qa-48,difference_prefix,1318912
conv-50-qa-49,difference_prefix,1318912
conv-50-qa-50,difference_prefix,1318912
conv-50-qa-51,difference_prefix,1318912
conv-50-qa-52,difference_prefix,1318912
conv-50-qa-53,difference_prefix,1318912
conv-50-qa-54,difference_prefix,1318912
conv-50-qa-55,difference_prefix,1318912
conv-50-qa-56,difference_prefix,1318912
conv-50-qa-57,difference_prefix,1318912
conv-50-qa-58,difference_prefix,1318912
conv-50-qa-59,difference_prefix,1318912
conv-50-qa-60,difference_prefix,1318912
conv-50-qa-61,difference_prefix,1318912
conv-50-qa-62,difference_prefix,1318912
conv-50-qa-63,difference_prefix,1318912
conv-50-qa-64,difference_prefix,1318912
conv-50-qa-65,difference_prefix,1318912
conv-50-qa-66,difference_prefix,1318912
conv-50-qa-67,difference_prefix,1318912
conv-50-qa-68,difference_prefix,1318912
conv-50-qa-69,difference_prefix,1318912
conv-50-qa-70,difference_prefix,1318912
conv-50-qa-71,difference_prefix,1318912
conv-50-qa-72,difference_prefix,1318912
conv-50-qa-73,difference_prefix,1318912
conv-50-qa-74,difference_prefix,1318912
conv-50-qa-75,difference_prefix,1318912
conv-50-qa-76,difference_prefix,1318912
conv-50-qa-77,difference_prefix,1318912
conv-50-qa-78,difference_prefix,1318912
conv-50-qa-79,difference_prefix,1318912
conv-50-qa-80,difference_prefix,1318912
conv-50-qa-81,difference_prefix,1318912
conv-50-qa-82,difference_prefix,1318912
conv-50-qa-83,difference_prefix,1318912
conv-50-qa-84,difference_prefix,1318912
conv-50-qa-85,difference_prefix,1318912
conv-50-qa-86,difference_prefix,1318912
conv-50-qa-87,difference_prefix,1318912
conv-50-qa-88,difference_prefix,1318912
conv-50-qa-89,difference_prefix,1318912
conv-50-qa-90,difference_prefix,1318912
conv-50-qa-91,difference_prefix,1318912
conv-50-qa-92,difference_prefix,1318912
conv-50-qa-93,difference_prefix,1318912
conv-50-qa-94,difference_prefix,1318912
conv-50-qa-95,difference_prefix,1318912
conv-50-qa-96,difference_prefix,1318912
conv-50-qa-97,difference_prefix,1318912
conv-50-qa-98,difference_prefix,1318912
conv-50-qa-99,difference_prefix,1318912
conv-50-qa-100,difference_prefix,1318912
conv-50-qa-101,difference_prefix,1318912
conv-50-qa-102,difference_prefix,1318912
conv-50-qa-103,difference_prefix,1318912
conv-50-qa-104,difference_prefix,1318912
conv-50-qa-105,difference_prefix,1318912
conv-50-qa-106,difference_prefix,1318912
conv-50-qa-107,difference_prefix,1318912
conv-50-qa-108,difference_prefix,1318912
conv-50-qa-109,difference_prefix,1318912
conv-50-qa-110,difference_prefix,1318912
conv-50-qa-111,difference_prefix,1318912
conv-50-qa-112,difference_prefix,1318912
conv-50-qa-113,difference_prefix,1318912
conv-50-qa-114,difference_prefix,1318912
conv-50-qa-115,difference_prefix,1318912
conv-50-qa-116,difference_prefix,1318912
conv-50-qa-117,difference_prefix,1318912
conv-50-qa-118,difference_prefix,1318912
conv-50-qa-119,difference_prefix,1318912
conv-50-qa-120,difference_prefix,1318912
conv-50-qa-121,difference_prefix,1318912
conv-50-qa-122,difference_prefix,1318912
conv-50-qa-123,difference_prefix,1318912
conv-50-qa-124,difference_prefix,1318912
conv-50-qa-125,difference_prefix,1318912
conv-50-qa-126,difference_prefix,1318912
conv-50-qa-127,difference_prefix,1318912
conv-50-qa-128,difference_prefix,1318912
conv-50-qa-129,difference_prefix,1318912
conv-50-qa-130,difference_prefix,1318912
conv-50-qa-131,difference_prefix,1318912
conv-50-qa-132,difference_prefix,1318912
conv-50-qa-133,difference_prefix,1318912
conv-50-qa-134,difference_prefix,1318912
conv-50-qa-135,difference_prefix,1318912
conv-50-qa-136,difference_prefix,1318912
conv-50-qa-137,difference_prefix,1318912
conv-50-qa-138,difference_prefix,1318912
conv-50-qa-139,difference_prefix,1318912
conv-50-qa-140,difference_prefix,1318912
conv-50-qa-141,difference_prefix,1318912
conv-50-qa-142,difference_prefix,1318912
conv-50-qa-143,difference_prefix,1318912
conv-50-qa-144,difference_prefix,1318912
conv-50-qa-145,difference_prefix,1318912
conv-50-qa-146,difference_prefix,1318912
conv-50-qa-147,difference_prefix,1318912
conv-50-qa-148,difference_prefix,1318912
conv-50-qa-149,difference_prefix,1318912
conv-50-qa-150,difference_prefix,1318912
conv-50-qa-151,difference_prefix,1318912
conv-50-qa-152,difference_prefix,1318912
conv-50-qa-153,difference_prefix,1318912
conv-50-qa-154,difference_prefix,1318912
conv-50-qa-155,difference_prefix,1318912
conv-50-qa-156,difference_prefix,1318912
conv-50-qa-157,difference_prefix,1318912
conv-50-qa-158,difference_prefix,1318912
conv-50-qa-159,difference_prefix,1318912
conv-50-qa-160,difference_prefix,1318912
conv-50-qa-161,difference_prefix,1318912
conv-50-qa-162,difference_prefix,1318912
conv-50-qa-163,difference_prefix,1318912
conv-50-qa-164,difference_prefix,1318912
conv-50-qa-165,difference_prefix,1318912
conv-50-qa-166,difference_prefix,1318912
conv-50-qa-167,difference_prefix,1318912
conv-50-qa-168,difference_prefix,1318912
conv-50-qa-169,difference_prefix,1318912
conv-50-qa-170,difference_prefix,1318912
conv-50-qa-171,difference_prefix,1318912
conv-50-qa-172,difference_prefix,1318912
conv-50-qa-173,difference_prefix,1318912
conv-50-qa-174,difference_prefix,1318912
conv-50-qa-175,difference_prefix,1318912
conv-50-qa-176,difference_prefix,1318912
conv-50-qa-177,difference_prefix,1318912
conv-50-qa-178,difference_prefix,1318912
conv-50-qa-179,difference_prefix,1318912
conv-50-qa-180,difference_prefix,1318912
conv-50-qa-181,difference_prefix,1318912
conv-50-qa-182,difference_prefix,1318912
conv-50-qa-183,difference_prefix,1318912
conv-50-qa-184,difference_prefix,1318912
conv-50-qa-185,difference_prefix,1318912
conv-50-qa-186,difference_prefix,1318912
conv-50-qa-187,difference_prefix,1318912
conv-50-qa-188,difference_prefix,1318912
conv-50-qa-189,difference_prefix,1318912
conv-50-qa-190,difference_prefix,1318912
conv-50-qa-191,difference_prefix,1318912
conv-50-qa-192,difference_prefix,1318912
conv-50-qa-193,difference_prefix,1318912
conv-50-qa-194,difference_prefix,1318912
conv-50-qa-195,difference_prefix,1318912
conv-50-qa-196,difference_prefix,1318912
conv-50-qa-197,difference_prefix,1318912
conv-50-qa-198,difference_prefix,1318912
conv-50-qa-199,difference_prefix,1318912
conv-50-qa-200,difference_prefix,1318912
conv-50-qa-201,difference_prefix,1318912
conv-50-qa-202,difference_prefix,1318912
conv-50-qa-203,difference_prefix,1318912
