example_id,agent,horizon,bytes
syn-a6ba61c7f6022987,bm25_cache,100,1310720
syn-38eedc2c95f8c5b4,bm25_cache,100,1310720
syn-07d41f0782d8a3ec,bm25_cache,100,1310720
syn-fa271021cce39036,bm25_cache,100,1310720
syn-8632fc6b28ce057a,bm25_cache,100,1310720
syn-227faaf725799aff,bm25_cache,100,1310720
syn-c819b70cc3b711b6,bm25_cache,100,1310720
syn-f8dc00112ec91804,bm25_cache,100,1310720
syn-f97808cf18e3bdc1,bm25_cache,100,1310720
syn-1ba0ad3803fd1aab,bm25_cache,100,1310720
syn-e89134deef96d28b,bm25_cache,100,1310720
syn-d3aec67bcbee5e27,bm25_cache,100,1310720
syn-c403dc8c5bbec2b6,bm25_cache,100,1310720
syn-928aaad0bd5f085f,bm25_cache,100,1310720
syn-36b88d15de85d49d,bm25_cache,100,1310720
syn-ef8755c246c631fe,bm25_cache,100,1310720
syn-f8cdd1253dc96ca6,bm25_cache,100,1310720
syn-99f1a940ce32e3de,bm25_cache,100,1310720
syn-ae830d10e3e44454,bm25_cache,100,1310720
syn-7aec429f0ba8958c,bm25_cache,100,1310720
syn-7574e07600322df1,bm25_cache,100,1310720
syn-6596d6fb03744adc,bm25_cache,100,1310720
syn-8028bcd88896f9af,bm25_cache,100,1310720
syn-5b04b918e5d2f043,bm25_cache,100,1310720
syn-344d41a9584f8be4,bm25_cache,100,1310720
syn-1c50e11cb54a9a7c,bm25_cache,100,1310720
syn-d8bfd6728ae9bb83,bm25_cache,100,1310720
syn-9ac94e465129e6ee,bm25_cache,100,1310720
syn-8e5a6b17392849e9,bm25_cache,100,1310720
syn-6dfbc0e6fffb86d6,bm25_cache,100,1310720
syn-d95d1076f16608cf,bm25_cache,100,1310720
syn-67085f28c8a345d9,bm25_cache,100,1310720
syn-8b88cb5fd4c5e6fc,bm25_cache,100,1310720
syn-42df0ee7d8018963,bm25_cache,100,1310720
syn-e8acbc2c88369e51,bm25_cache,100,1310720
syn-a642a7089d9f162f,bm25_cache,100,1310720
syn-3f6a98eceeaf476b,bm25_cache,100,1310720
syn-bfb5882d7330d97f,bm25_cache,100,1310720
syn-cfa98bda62d92f7f,bm25_cache,100,1310720
syn-534d1ab71809b51f,bm25_cache,100,1310720
syn-76a54b251d992dd4,bm25_cache,100,1310720
syn-6f12022c8819f717,bm25_cache,100,1310720
syn-30a75d6754134879,bm25_cache,100,1310720
syn-a6ff96ac61f7c6c1,bm25_cache,100,1310720
syn-91323a0ae9a650e7,bm25_cache,100,1310720
syn-9d9ad34b79849f2d,bm25_cache,100,1310720
syn-36b5b8f6c6bbf2cc,bm25_cache,100,1310720
syn-96244de128be170e,bm25_cache,100,1310720
syn-3e8dcebdc4767103,bm25_cache,100,1310720
syn-8f7fdf0bdfb10d4a,bm25_cache,100,1310720
syn-d4fda360fe6fdd4f,bm25_cache,100,1310720
syn-42ee4c7254b57eb8,bm25_cache,100,1310720
syn-feccf5e27bea7518,bm25_cache,100,1310720
syn-c01e14c5c8c50d03,bm25_cache,100,1310720
syn-cb15ba714ba5ec8f,bm25_cache,100,1310720
syn-615f495f59b50927,bm25_cache,100,1310720
syn-a6cbf0e1e86a6450,bm25_cache,100,1310720
syn-57b966091e7ec699,bm25_cache,100,1310720
syn-89f8450f6e93be24,bm25_cache,100,1310720
syn-e4cf69e50674883c,bm25_cache,100,1310720
syn-52dd73e2d68a5917,bm25_cache,100,1310720
syn-1a7e4a2f4f0fe9c6,bm25_cache,100,1310720
syn-e8ee9cee31093b93,bm25_cache,100,1310720
syn-1546004190558953,bm25_cache,100,1310720
syn-7858be5eb774eb5b,bm25_cache,100,1310720
syn-fd59ad3a4d996680,bm25_cache,100,1310720
syn-fc9a9858781e0d3a,bm25_cache,100,1310720
syn-324d7fc5d16391c8,bm25_cache,100,1310720
syn-6e90d8e0c38e9334,bm25_cache,100,1310720
syn-8e5f564bbff2ec81,bm25_cache,100,1310720
syn-ad377a0c752a987e,bm25_cache,100,1310720
syn-fd23e7842d0bf088,bm25_cache,100,1310720
syn-9dce3e031398985d,bm25_cache,100,1310720
syn-cb9495248ba394a9,bm25_cache,100,1310720
syn-d45c12362eae6b90,bm25_cache,100,1310720
syn-fe3b30dd29d66256,bm25_cache,100,1310720
syn-0f420473e95734a2,bm25_cache,100,1310720
syn-14c34fb5209acd83,bm25_cache,100,1310720
syn-323bc307f3b8489c,bm25_cache,100,1310720
syn-d1a98c9ebc2b2b63,bm25_cache,100,1310720
syn-8b8261103d0d9683,bm25_cache,100,1310720
syn-73911e04a0932499,bm25_cache,100,1310720
syn-85c77c5469482f47,bm25_cache,100,1310720
syn-1725a6155d089dde,bm25_cache,100,1310720
syn-fc05e77b7c242574,bm25_cache,100,1310720
syn-86308b042f251696,bm25_cache,100,1310720
syn-434e7ed49b935751,bm25_cache,100,1310720
syn-530c2c738f789d98,bm25_cache,100,1310720
syn-0c19d7397f14e5b6,bm25_cache,100,1310720
syn-a1612d852aaaaac3,bm25_cache,100,1310720
syn-c0220289c4182645,bm25_cache,100,1310720
syn-9e6843c042c117d6,bm25_cache,100,1310720
syn-0ac0bff8c97627a3,bm25_cache,100,1310720
syn-2125020456ee5ce0,bm25_cache,100,1310720
syn-2caa699fccb66b00,bm25_cache,100,1310720
syn-861af0982b3de585,bm25_cache,100,1310720
syn-608838df8784d01b,bm25_cache,100,1310720
syn-114b81595c7d762a,bm25_cache,100,1310720
syn-4a863129f2275dc1,bm25_cache,100,1310720
syn-d2ca3d27b15e9657,bm25_cache,100,1310720
syn-0c9fef436275cdd9,bm25_cache,100,1310720
syn-f1d5d22bd7ee481d,bm25_cache,100,1310720
syn-a575cf643cb1c076,bm25_cache,100,1310720
syn-ee742f0c9f76781d,bm25_cache,100,1310720
syn-da5dd03ecb643f4d,bm25_cache,100,1310720
syn-326d673969961656,bm25_cache,100,1310720
syn-962a3810f04e9097,bm25_cache,100,1310720
syn-f0aad1f13f69b874,bm25_cache,100,1310720
syn-c2a05483a856b3ef,bm25_cache,100,1310720
syn-e0cedd9b0e32d085,bm25_cache,100,1310720
syn-29a180ad2143328a,bm25_cache,100,1310720
syn-735f77503b2ba024,bm25_cache,100,1310720
syn-148ccbd3316665a4,bm25_cache,100,1310720
syn-3c75ee23c6f50e1b,bm25_cache,100,1310720
syn-f4dbe8e18b96050d,bm25_cache,100,1310720
syn-da9774599d83a1b5,bm25_cache,100,1310720
syn-2ef399e82e449faf,bm25_cache,100,1310720
syn-eb0f5ee31c508a61,bm25_cache,100,1310720
syn-cda71c350602bddf,bm25_cache,100,1310720
syn-28fa6f2fe12641b3,bm25_cache,100,1310720
syn-c20dfce1d761b522,bm25_cache,100,1310720
syn-7df1c817de9a1ea1,bm25_cache,100,1310720
syn-3c57b67fca1c10a3,bm25_cache,100,1310720
syn-0cbb31a1498b5e27,bm25_cache,100,1310720
syn-c69bdbfce61e9f10,bm25_cache,100,1310720
syn-9129e328d0e87e58,bm25_cache,100,1310720
syn-c3a845f6f37328df,bm25_cache,100,1310720
syn-af9227c03b96e947,bm25_cache,100,1310720
syn-d30db6602c5e7bcf,bm25_cache,100,1310720
syn-2bcd2d10bf252a88,bm25_cache,100,1310720
syn-e69fbacb0ad339d8,bm25_cache,100,1310720
syn-f7dee247f844b523,bm25_cache,100,1310720
syn-218ffaef8da3d8da,bm25_cache,100,1310720
syn-a31eb202acdba085,bm25_cache,100,1310720
syn-4dfded52a9bb2c90,bm25_cache,100,1310720
syn-cd947d2b8e2144b0,bm25_cache,100,1310720
syn-6abe44228638f132,bm25_cache,100,1310720
syn-1258eab437601206,bm25_cache,100,1310720
syn-4d8e6dbc90583d69,bm25_cache,100,1310720
syn-a1a8b545941a8915,bm25_cache,100,1310720
syn-c0a5d6164a143c21,bm25_cache,100,1310720
syn-911a5b307c155365,bm25_cache,100,1310720
syn-bcca1bb50f9b9cef,bm25_cache,100,1310720
syn-c9e69c66406cd3b1,bm25_cache,100,1310720
syn-2becd65beee0364a,bm25_cache,100,1310720
syn-4dd85348c38c0357,bm25_cache,100,1310720
syn-f242b8cc2cb723b5,bm25_cache,100,1310720
syn-fbc447c0fcb7cfc8,bm25_cache,100,1310720
syn-a9f156119ea9fcd1,bm25_cache,100,1310720
syn-a90c99e2e79a45d4,bm25_cache,100,1310720
syn-c5a2eb58a93f472f,bm25_cache,100,1310720
syn-ea7b327ba9b080c9,bm25_cache,100,1310720
syn-92715b9aee29e997,bm25_cache,100,1310720
syn-b766696c0d786013,bm25_cache,100,1310720
syn-d3d77d74b12e306a,bm25_cache,100,1310720
syn-48230ce25b5de2fa,bm25_cache,100,1310720
syn-7f6bff1d2ac7c3f3,bm25_cache,100,1310720
syn-f37c1fc0c7eaae06,bm25_cache,100,1310720
syn-915a70d70da9799e,bm25_cache,100,1310720
syn-2c4f2b37f5b601c4,bm25_cache,100,1310720
syn-27269f1dafd012f5,bm25_cache,100,1310720
syn-fc4e5b6a2ef2e383,bm25_cache,100,1310720
syn-5d4106eaf2ee51c8,bm25_cache,100,1310720
syn-81331bee65710972,bm25_cache,100,1310720
syn-6795425cf8dabbc9,bm25_cache,100,1310720
syn-67983f23f948cb13,bm25_cache,100,1310720
syn-312d206fb59e358d,bm25_cache,100,1310720
syn-b374ae5f8bdeb59c,bm25_cache,100,1310720
syn-c4e2cf0cbaef3cc6,bm25_cache,100,1310720
syn-e1486ac132d09f0e,bm25_cache,100,1310720
syn-7863c0207b8e2373,bm25_cache,100,1310720
syn-9cbbfa64d29cb813,bm25_cache,100,1310720
syn-a65473d1d46ed2c6,bm25_cache,100,1310720
syn-2b046916be0cd392,bm25_cache,100,1310720
syn-72b8f748d5763fa5,bm25_cache,100,1310720
syn-9e74ef31f1615b66,bm25_cache,100,1310720
syn-00b96c3bac38cc42,bm25_cache,100,1310720
syn-952b966eee3f8c13,bm25_cache,100,1310720
syn-c8f1cb75a43de506,bm25_cache,100,1310720
syn-34a4a1cf2545d780,bm25_cache,100,1310720
syn-f36a532a7f829e27,bm25_cache,100,1310720
syn-3f66f6fab4661265,bm25_cache,100,1310720
syn-be86febc4b2804a6,bm25_cache,100,1310720
syn-eb0aba33a8e92d25,bm25_cache,100,1310720
syn-de9cccc7c153bbf4,bm25_cache,100,1310720
syn-28812aeb523a4ea3,bm25_cache,100,1310720
syn-071e5a31b62e0a3b,bm25_cache,100,1310720
syn-c5f347691e4f1189,bm25_cache,100,1310720
syn-2541ac3e0cf6ae0f,bm25_cache,100,1310720
syn-1a12965cf6e9620a,bm25_cache,100,1310720
syn-833ee80d2a35282c,bm25_cache,100,1310720
syn-d71cb3ea0a850053,bm25_cache,100,1310720
syn-b58eb0dc1a3b98a9,bm25_cache,100,1310720
syn-f547811aa164f77c,bm25_cache,100,1310720
syn-c2a992a405ca2108,bm25_cache,100,1310720
syn-ce2c8b075853cedc,bm25_cache,100,1310720
syn-687fc71335d706d6,bm25_cache,100,1310720
syn-6aece6dd34a4454c,bm25_cache,100,1310720
syn-b9f4fa3de270243b,bm25_cache,100,1310720
syn-7a9964e8147076b4,bm25_cache,100,1310720
syn-5afa3fb6102c079e,bm25_cache,100,1310720
syn-741bd6aa659cbb3a,bm25_cache,100,1310720
syn-e2066c5ef4eaa754,bm25_cache,100,1310720
syn-9ad6a91dae6541b0,bm25_cache,100,1310720
syn-0cc07eac74fee68f,bm25_cache,100,1310720
syn-06f1746d73db3d7a,bm25_cache,100,1310720
syn-af7777b30c76fe8f,bm25_cache,100,1310720
syn-a3df3702910d82c8,bm25_cache,100,1310720
syn-1b32176f8ab0ad0d,bm25_cache,100,1310720
syn-3c9a56c51e114ae8,bm25_cache,100,1310720
syn-4dc80c16468d7ae3,bm25_cache,100,1310720
syn-635cc36e60ec9abe,bm25_cache,100,1310720
syn-166e4d8638667138,bm25_cache,100,1310720
syn-4b2e3c750d96faf1,bm25_cache,100,1310720
syn-5c60aa247e7da516,bm25_cache,100,1310720
syn-363ae45960cbd6ea,bm25_cache,100,1310720
syn-202a222301f9a6d4,bm25_cache,100,1310720
syn-7cf12316980709f6,bm25_cache,100,1310720
syn-728e33df6904e39f,bm25_cache,100,1310720
syn-5bd3e7c2aa979761,bm25_cache,100,1310720
syn-9f5692455ac5f9eb,bm25_cache,100,1310720
syn-d0e73d43fc27e780,bm25_cache,100,1310720
syn-70ea21787462e8bb,bm25_cache,100,1310720
syn-93ebae83f12babde,bm25_cache,100,1310720
syn-80b5fa71901fb209,bm25_cache,100,1310720
syn-31a023f7ba9bc6ca,bm25_cache,100,1310720
syn-86c7f5c14844a928,bm25_cache,100,1310720
syn-a86b2bf35ce487cf,bm25_cache,100,1310720
syn-a191dd5bc4522c3f,bm25_cache,100,1310720
syn-24c6eb89fa9bc77a,bm25_cache,100,1310720
syn-7e9cddfe26e96d08,bm25_cache,100,1310720
syn-79244b5ea6e26a35,bm25_cache,100,1310720
syn-351b1f137e4c70f0,bm25_cache,100,1310720
syn-fe81b916e846f8e6,bm25_cache,100,1310720
syn-890454ea84307ccf,bm25_cache,100,1310720
syn-38ffd1c0f969d3ce,bm25_cache,100,1310720
syn-449f78fee2e31323,bm25_cache,100,1310720
syn-386d7fabe68c0b51,bm25_cache,100,1310720
syn-a53e008f5352ab7c,bm25_cache,100,1310720
syn-2d7332919d82acd7,bm25_cache,100,1310720
syn-4b43eb5a0d3f5e34,bm25_cache,100,1310720
syn-1c8165dfe7849318,bm25_cache,100,1310720
syn-d3b9785b73055c98,bm25_cache,100,1310720
syn-eb6fed3bb3f62d98,bm25_cache,100,1310720
syn-413d807574a54fac,bm25_cache,100,1310720
syn-8be08b3c364210f6,bm25_cache,100,1310720
syn-c73284e558f60ee0,bm25_cache,100,1310720
syn-af7cdb39cb252396,bm25_cache,100,1310720
syn-6cb7e0329cf51091,bm25_cache,100,1310720
syn-7ff503cc87bf6b72,bm25_cache,100,1310720
syn-6409e2246567d47d,bm25_cache,100,1310720
syn-56a9578b1ca629d6,bm25_cache,100,1310720
syn-96125f8027ab183e,bm25_cache,100,1310720
syn-d108a25e35d2aec2,bm25_cache,100,1310720
syn-e505f665edac12f5,bm25_cache,100,1310720
syn-227123dfbfb3b60b,bm25_cache,100,1310720
syn-a3509d974e84be76,bm25_cache,100,1310720
syn-4db0fdc492341150,bm25_cache,100,1310720
syn-ad343e5861a42f48,bm25_cache,100,1310720
syn-98938f2a750732e3,bm25_cache,100,1310720
syn-588e0cf52a62ad07,bm25_cache,100,1310720
syn-3a2b16f76aac64a3,bm25_cache,100,1310720
syn-771747a46595b170,bm25_cache,100,1310720
syn-b862e71029dd1141,bm25_cache,100,1310720
syn-ab82b68526b31cc1,bm25_cache,100,1310720
syn-0972954b0101952a,bm25_cache,100,1310720
syn-8e233e6259a3ff93,bm25_cache,100,1310720
syn-d72c9b6d1c8b544c,bm25_cache,100,1310720
syn-2473152ac1131384,bm25_cache,100,1310720
syn-99c8100852c041ab,bm25_cache,100,1310720
syn-c072bb6c30501eb5,bm25_cache,100,1310720
syn-6ceaf5097ce9c759,bm25_cache,100,1310720
syn-b22dac7d46c56ef7,bm25_cache,100,1310720
syn-a820901274815962,bm25_cache,100,1310720
syn-4d0c462a9611104c,bm25_cache,100,1310720
syn-966462fdc64001cb,bm25_cache,100,1310720
syn-aab7f6253fc3371c,bm25_cache,100,1310720
syn-6cd597ee81f40259,bm25_cache,100,1310720
syn-ac63a94c62bb28b0,bm25_cache,100,1310720
syn-caaf77c3bc556729,bm25_cache,100,1310720
syn-be57cd78365e7d1a,bm25_cache,100,1310720
syn-f8666490bec6d369,bm25_cache,100,1310720
syn-60ede6f62c127051,bm25_cache,100,1310720
syn-3ca2daab899324eb,bm25_cache,100,1310720
syn-751ad704e49319a5,bm25_cache,100,1310720
syn-1def9112232df49c,bm25_cache,100,1310720
syn-6d9bfb9f846bec63,bm25_cache,100,1310720
syn-6743c3c7d98bfc0e,bm25_cache,100,1310720
syn-01d7e9b6955f7473,bm25_cache,100,1310720
syn-2e85e9170d30ba71,bm25_cache,100,1310720
syn-37671ca7cf5c1eb5,bm25_cache,100,1310720
syn-f4e3f903987f6c89,bm25_cache,100,1310720
syn-0baea2d67907d7b5,bm25_cache,100,1310720
syn-64b6c1ab320dbe67,bm25_cache,100,1310720
syn-ebbfd3d64aa3659e,bm25_cache,100,1310720
syn-9ba4c01860d01716,bm25_cache,100,1310720
syn-30ea2cdf2f968903,bm25_cache,100,1310720
syn-8c64fa1f197773be,bm25_cache,100,1310720
syn-73c6ca9be338f033,bm25_cache,100,1310720
syn-6ecbb1c08f82c937,bm25_cache,100,1310720
syn-8353478fbb4bce27,bm25_cache,500,1310720
syn-8067a297457aadf1,bm25_cache,500,1310720
syn-9e8353cffd162bec,bm25_cache,500,1310720
syn-1e2c00e04982df2b,bm25_cache,500,1310720
syn-e2a2467ecd547dda,bm25_cache,500,1310720
syn-bc62c7abfaca5c09,bm25_cache,500,1310720
syn-12612434405c931a,bm25_cache,500,1310720
syn-5a8a3408720382be,bm25_cache,500,1310720
syn-59ea7db674f489a6,bm25_cache,500,1310720
syn-51d379101a7163b5,bm25_cache,500,1310720
syn-663a7412abfb842b,bm25_cache,500,1310720
syn-0bd707dc615b2bc5,bm25_cache,500,1310720
syn-0ca214b154606a6d,bm25_cache,500,1310720
syn-1ad21a31a11954b1,bm25_cache,500,1310720
syn-405db96ad499aad6,bm25_cache,500,1310720
syn-c73a7d7f2efdabea,bm25_cache,500,1310720
syn-d4551df4fe2ef435,bm25_cache,500,1310720
syn-f81cc5743ea53e86,bm25_cache,500,1310720
syn-4f19931c9987dbda,bm25_cache,500,1310720
syn-92c86a223d786491,bm25_cache,500,1310720
syn-2bb893798ac2dfa5,bm25_cache,500,1310720
syn-aa1bcd4e3305659c,bm25_cache,500,1310720
syn-0954cc37fabc8be3,bm25_cache,500,1310720
syn-6bb06c622660e647,bm25_cache,500,1310720
syn-0b1a59bdb0ab570e,bm25_cache,500,1310720
syn-23a203eef7bafa9b,bm25_cache,500,1310720
syn-3b06b4335ee79d9c,bm25_cache,500,1310720
syn-ec94bad4956c840e,bm25_cache,500,1310720
syn-bc1c23717d0dfea3,bm25_cache,500,1310720
syn-67712a9f8996e2e8,bm25_cache,500,1310720
syn-595c1a876191c126,bm25_cache,500,1310720
syn-6467888e031efe81,bm25_cache,500,1310720
syn-bbf31960b39c5ee4,bm25_cache,500,1310720
syn-0a76bff023524251,bm25_cache,500,1310720
syn-ba162ae568464f78,bm25_cache,500,1310720
syn-b042f0c9791d9008,bm25_cache,500,1310720
syn-ea3960770a2ca4a7,bm25_cache,500,1310720
syn-38219515a508a5d7,bm25_cache,500,1310720
syn-d4c28ece94fb3953,bm25_cache,500,1310720
syn-f60a4dd25af4bf20,bm25_cache,500,1310720
syn-f82cf59916809524,bm25_cache,500,1310720
syn-8e294cf8f86f5d12,bm25_cache,500,1310720
syn-040517cd90cc897c,bm25_cache,500,1310720
syn-411fce6ee866bbb8,bm25_cache,500,1310720
syn-268c1d0c81c87f4b,bm25_cache,500,1310720
syn-b306cf68395776dd,bm25_cache,500,1310720
syn-689442af0e6a410d,bm25_cache,500,1310720
syn-313805301f447ead,bm25_cache,500,1310720
syn-38d674321a5aca1b,bm25_cache,500,1310720
syn-213d87e5e07c8519,bm25_cache,500,1310720
syn-05a9edcf64ee42de,bm25_cache,500,1310720
syn-0475ce3a7577d7da,bm25_cache,500,1310720
syn-e08c5c69e450c217,bm25_cache,500,1310720
syn-436852fe9abb7dc5,bm25_cache,500,1310720
syn-271d5a470da86f7f,bm25_cache,500,1310720
syn-970a5b6630f65725,bm25_cache,500,1310720
syn-8a75ed949ee596bd,bm25_cache,500,1310720
syn-56c64830d8d53ebc,bm25_cache,500,1310720
syn-811fbe3866bccdf8,bm25_cache,500,1310720
syn-d42090286816856c,bm25_cache,500,1310720
syn-ffd8865e73eeab0e,bm25_cache,500,1310720
syn-784fd5d93b24c4f6,bm25_cache,500,1310720
syn-ea8d41b6d999d548,bm25_cache,500,1310720
syn-d909cdb8cfcc9eb8,bm25_cache,500,1310720
syn-23c6931c183f4ac9,bm25_cache,500,1310720
syn-d3743cb521c05762,bm25_cache,500,1310720
syn-c6956e0b7b8bbe93,bm25_cache,500,1310720
syn-2c235f94902c2fbd,bm25_cache,500,1310720
syn-5c84268454890acb,bm25_cache,500,1310720
syn-4d04fd9eb9e444fa,bm25_cache,500,1310720
syn-6acbf48ac4868565,bm25_cache,500,1310720
syn-cb4f29b8d39beaf7,bm25_cache,500,1310720
syn-bdecfe39479ce931,bm25_cache,500,1310720
syn-07d4c2689189fd19,bm25_cache,500,1310720
syn-b0094bd3bc25f838,bm25_cache,500,1310720
syn-c576d54a7fdd7ade,bm25_cache,500,1310720
syn-ca1da64f4b7250ab,bm25_cache,500,1310720
syn-400d16042183536f,bm25_cache,500,1310720
syn-2fe6bde59301602d,bm25_cache,500,1310720
syn-e4e5255b50b15865,bm25_cache,500,1310720
syn-8e029986a2e4be7e,bm25_cache,500,1310720
syn-d460ec92ff2d1e65,bm25_cache,500,1310720
syn-c7b7f75556d5e436,bm25_cache,500,1310720
syn-729b066ef4e121a1,bm25_cache,500,1310720
syn-383ddb0c41c5feef,bm25_cache,500,1310720
syn-50d0f73de6cd03fd,bm25_cache,500,1310720
syn-49216263546f83c9,bm25_cache,500,1310720
syn-3d8ea15d71265a5d,bm25_cache,500,1310720
syn-e71f9cfdd7e12520,bm25_cache,500,1310720
syn-db387682b1226cfa,bm25_cache,500,1310720
syn-57cbb0340d075fa2,bm25_cache,500,1310720
syn-9df98212cdc08358,bm25_cache,500,1310720
syn-a1d1ea15e7221800,bm25_cache,500,1310720
syn-2f4dce5ad69b3fa1,bm25_cache,500,1310720
syn-7094b0e8de069d3a,bm25_cache,500,1310720
syn-97802e05ca9a2d1c,bm25_cache,500,1310720
syn-d604fecf4b0498cd,bm25_cache,500,1310720
syn-64c1006806b1711d,bm25_cache,500,1310720
syn-4a8e3cff5312d6b5,bm25_cache,500,1310720
syn-f940283a7af1f768,bm25_cache,500,1310720
syn-00d8e9ad93855ab3,bm25_cache,500,1310720
syn-b66b18aeb0ff8c75,bm25_cache,500,1310720
syn-689eaa13f442395a,bm25_cache,500,1310720
syn-47679c7bc2515e7e,bm25_cache,500,1310720
syn-8defe53d696d1e04,bm25_cache,500,1310720
syn-958fef865bbe0110,bm25_cache,500,1310720
syn-4b17cac63cc0fd2e,bm25_cache,500,1310720
syn-c81b135ce954f21d,bm25_cache,500,1310720
syn-a4421f1dbd3fdf53,bm25_cache,500,1310720
syn-007bd7d84108708c,bm25_cache,500,1310720
syn-33695a5bdb03a768,bm25_cache,500,1310720
syn-338c6b26a5bc1a7c,bm25_cache,500,1310720
syn-e228218af7df0e27,bm25_cache,500,1310720
syn-fcc74b53a32d5340,bm25_cache,500,1310720
syn-6f04fd80b4ec7429,bm25_cache,500,1310720
syn-5a2a82ec7118aced,bm25_cache,500,1310720
syn-929180aaf784df2d,bm25_cache,500,1310720
syn-cb551660c3041446,bm25_cache,500,1310720
syn-791a724e1d728c02,bm25_cache,500,1310720
syn-bbb931a8ac8328af,bm25_cache,500,1310720
syn-ebdd58edff7c66b4,bm25_cache,500,1310720
syn-dafad97333e5b987,bm25_cache,500,1310720
syn-0b201ce7670c1977,bm25_cache,500,1310720
syn-54b9cd4289abb716,bm25_cache,500,1310720
syn-8bf1c6019e2fc30d,bm25_cache,500,1310720
syn-f6299fe4338ea2f7,bm25_cache,500,1310720
syn-38e61cc36ea3e36e,bm25_cache,500,1310720
syn-197dc5be6d7f183f,bm25_cache,500,1310720
syn-3ce9a38483b121d8,bm25_cache,500,1310720
syn-47583ae995fed3de,bm25_cache,500,1310720
syn-84f146205390e1cd,bm25_cache,500,1310720
syn-028e71b6f78ee786,bm25_cache,500,1310720
syn-4bc94b80a83ab669,bm25_cache,500,1310720
syn-18c20066c2cb823b,bm25_cache,500,1310720
syn-9897592c844df47a,bm25_cache,500,1310720
syn-f1a339235669aeb9,bm25_cache,500,1310720
syn-cfdf94c12c6fc750,bm25_cache,500,1310720
syn-d74d75f2f11faece,bm25_cache,500,1310720
syn-783c82d75d29289f,bm25_cache,500,1310720
syn-59238d3be02262dc,bm25_cache,500,1310720
syn-5a59b3e48be3ebf3,bm25_cache,500,1310720
syn-ff213c8fcd806780,bm25_cache,500,1310720
syn-b53133f7f8a9ffec,bm25_cache,500,1310720
syn-e35eabac503525f5,bm25_cache,500,1310720
syn-f06e91bb302cec90,bm25_cache,500,1310720
syn-8e0605a240c5d9de,bm25_cache,500,1310720
syn-e187101b9c61e6e0,bm25_cache,500,1310720
syn-0adbc4dcb9081517,bm25_cache,500,1310720
syn-950a8c7f7b083c05,bm25_cache,500,1310720
syn-c33b261bc5974ad6,bm25_cache,500,1310720
syn-5ae41b4c78656072,bm25_cache,500,1310720
syn-5e6cea10982a3491,bm25_cache,500,1310720
syn-393c8d17ecc49c08,bm25_cache,500,1310720
syn-ea7a1a0f2c892d07,bm25_cache,500,1310720
syn-0e782853a7ea3314,bm25_cache,500,1310720
syn-960381de09bea452,bm25_cache,500,1310720
syn-6e1920560ba226cf,bm25_cache,500,1310720
syn-51d5124dceba73dc,bm25_cache,500,1310720
syn-3eb2443275ddd447,bm25_cache,500,1310720
syn-8614bcc399988fce,bm25_cache,500,1310720
syn-3cdf107cfd43e0fd,bm25_cache,500,1310720
syn-288492c196f1e57d,bm25_cache,500,1310720
syn-6aeddd7478f8dad1,bm25_cache,500,1310720
syn-f7ce21c285c45a2e,bm25_cache,500,1310720
syn-e3f6ba4e5a28c2de,bm25_cache,500,1310720
syn-b660cc0eacfc23b6,bm25_cache,500,1310720
syn-b50f9f7062eca05f,bm25_cache,500,1310720
syn-0fc1f31ae9a93aa7,bm25_cache,500,1310720
syn-d2aeb79af2c427b5,bm25_cache,500,1310720
syn-62826ec1b9b4a016,bm25_cache,500,1310720
syn-d29f5aeb7170134e,bm25_cache,500,1310720
syn-a38b4624e16666f7,bm25_cache,500,1310720
syn-75b1ed43bc65fd9e,bm25_cache,500,1310720
syn-8494bae6d11ac2e7,bm25_cache,500,1310720
syn-7ee1f42a5629174b,bm25_cache,500,1310720
syn-3fe4991bf0c2ad44,bm25_cache,500,1310720
syn-1e2ecfd6d2f82460,bm25_cache,500,1310720
syn-64cd3953dfea1b8a,bm25_cache,500,1310720
syn-8baac05c82412799,bm25_cache,500,1310720
syn-6d1ad2459478a841,bm25_cache,500,1310720
syn-67f82b8b4f21c426,bm25_cache,500,1310720
syn-28a468ec5ccd074e,bm25_cache,500,1310720
syn-22ae75de761a6523,bm25_cache,500,1310720
syn-438d58bc4faa40a6,bm25_cache,500,1310720
syn-00b33be7e49faf14,bm25_cache,500,1310720
syn-0de255f30bd2a43b,bm25_cache,500,1310720
syn-5b8adc69152415ba,bm25_cache,500,1310720
syn-7294b757a8e851e2,bm25_cache,500,1310720
syn-044b82cb725cda4f,bm25_cache,500,1310720
syn-318d78f2ab7b3615,bm25_cache,500,1310720
syn-6abf77247fcceec9,bm25_cache,500,1310720
syn-d820c6a8ffaad975,bm25_cache,500,1310720
syn-35e6eeacf4a5b0e7,bm25_cache,500,1310720
syn-5f13f7d39a6f9dd2,bm25_cache,500,1310720
syn-d79f56bbac52b78f,bm25_cache,500,1310720
syn-d94f9f88e7330cf3,bm25_cache,500,1310720
syn-9af8470ca231317c,bm25_cache,500,1310720
syn-016a620ea89d026c,bm25_cache,500,1310720
syn-0ab4f7c4f93101df,bm25_cache,500,1310720
syn-673ad9a7a3815527,bm25_cache,500,1310720
syn-9637d112539c2596,bm25_cache,500,1310720
syn-9efd28a908d96377,bm25_cache,500,1310720
syn-b5fd479043a1f5f0,bm25_cache,500,1310720
syn-b31097c5f8432523,bm25_cache,500,1310720
syn-e3988356cb634b76,bm25_cache,500,1310720
syn-b93d2fbde0d87e43,bm25_cache,500,1310720
syn-e6bb0f45ecff59ec,bm25_cache,500,1310720
syn-5de10839a991bd18,bm25_cache,500,1310720
syn-1d26b78349295a8c,bm25_cache,500,1310720
syn-13a80fedd9f32081,bm25_cache,500,1310720
syn-fc5e97f03a0bdaea,bm25_cache,500,1310720
syn-05d8cf96104d2a05,bm25_cache,500,1310720
syn-10f60f169ff33d8a,bm25_cache,500,1310720
syn-92e00dc4ce0b433f,bm25_cache,500,1310720
syn-8b04cba97d6011be,bm25_cache,500,1310720
syn-d5d82482f42433eb,bm25_cache,500,1310720
syn-c11b77eb7b11634e,bm25_cache,500,1310720
syn-45838d23bff0c54b,bm25_cache,500,1310720
syn-59a6301268ac351a,bm25_cache,500,1310720
syn-51f7894767e333b4,bm25_cache,500,1310720
syn-b2383b732780e64c,bm25_cache,500,1310720
syn-8b0cbb2202ca8bee,bm25_cache,500,1310720
syn-3c99834715dc06fe,bm25_cache,500,1310720
syn-bbb693659e15d4a8,bm25_cache,500,1310720
syn-ae370afd87dce67b,bm25_cache,500,1310720
syn-d9bb103e78d1ea00,bm25_cache,1000,1310720
syn-6ce2e118d31157fe,bm25_cache,1000,1310720
syn-042dd477cdf0308a,bm25_cache,1000,1310720
syn-281283cfabfbdcea,bm25_cache,1000,1310720
syn-8efa4ab49e1a80d2,bm25_cache,1000,1310720
syn-b17fc4077a328a69,bm25_cache,1000,1310720
syn-7e6f50b922375dde,bm25_cache,1000,1310720
syn-fc2eb6d5aff91ebe,bm25_cache,1000,1310720
syn-938ad03c92c97011,bm25_cache,1000,1310720
syn-f6b8e9d890741e55,bm25_cache,1000,1310720
syn-b36a5940cf945a14,bm25_cache,1000,1310720
syn-0ed7b68c61dbfde9,bm25_cache,1000,1310720
syn-5fae0fa10fdf31d3,bm25_cache,1000,1310720
syn-dba8ca745e0a3cdc,bm25_cache,1000,1310720
syn-fcfb5732ec54f0c8,bm25_cache,1000,1310720
syn-08effc2a25c11f9c,bm25_cache,1000,1310720
syn-9e6381dab1dfdb96,bm25_cache,1000,1310720
syn-dca5cb7288e8636e,bm25_cache,1000,1310720
syn-f4ff0a2d232530ca,bm25_cache,1000,1310720
syn-5f1b8d8a7822fd7e,bm25_cache,1000,1310720
syn-94aba5b9e5062a27,bm25_cache,1000,1310720
syn-3e6c511cd2b560d8,bm25_cache,1000,1310720
syn-ac20d91143a0590b,bm25_cache,1000,1310720
syn-0efffe40eebe4463,bm25_cache,1000,1310720
syn-b83885bc9e64ce19,bm25_cache,1000,1310720
syn-ee19c3767fd74bed,bm25_cache,1000,1310720
syn-7c2d788567f6ca4c,bm25_cache,1000,1310720
syn-3a8019f3d5dc68c0,bm25_cache,1000,1310720
syn-e8c65398929f4acf,bm25_cache,1000,1310720
syn-3f66ed559cedc115,bm25_cache,1000,1310720
syn-12ccf1fda7a5ba55,bm25_cache,1000,1310720
syn-a12f2b7d49824e38,bm25_cache,1000,1310720
syn-391e97cd74ab7f0a,bm25_cache,1000,1310720
syn-e720b237f4f6f0d3,bm25_cache,1000,1310720
syn-8de662f9190a975f,bm25_cache,1000,1310720
syn-887cf2e03d326777,bm25_cache,1000,1310720
syn-89035a06fe530ebf,bm25_cache,1000,1310720
syn-cb5f2c3f5795cde4,bm25_cache,1000,1310720
syn-81dc91cf54ed73d1,bm25_cache,1000,1310720
syn-72347d36c62375b2,bm25_cache,1000,1310720
syn-4bae06c6c4fc1f14,bm25_cache,1000,1310720
syn-45a3475be0025375,bm25_cache,1000,1310720
syn-c5a53c1e41ca2f77,bm25_cache,1000,1310720
syn-f6773edb4955f847,bm25_cache,1000,1310720
syn-58b316290cd24af7,bm25_cache,1000,1310720
syn-d48e529b99148b62,bm25_cache,1000,1310720
syn-c59f2789c582ce72,bm25_cache,1000,1310720
syn-439f1c31894cda85,bm25_cache,1000,1310720
syn-bc315d39ab7b8d07,bm25_cache,1000,1310720
syn-ff528767efd5ed85,bm25_cache,1000,1310720
syn-65c7958efb0596b8,bm25_cache,1000,1310720
syn-54f9c57cabda9bb7,bm25_cache,1000,1310720
syn-b667d2c320a8600f,bm25_cache,1000,1310720
syn-a179f0ac6d5bd80b,bm25_cache,1000,1310720
syn-0837b68c448c02ef,bm25_cache,1000,1310720
syn-4cb03cf39f71f86d,bm25_cache,1000,1310720
syn-81ff57e4c3f23708,bm25_cache,1000,1310720
syn-d4eee0faf98bee16,bm25_cache,1000,1310720
syn-8ccf977ded1bf95e,bm25_cache,1000,1310720
syn-aa50f0aa293375df,bm25_cache,1000,1310720
syn-3024acb3548890e1,bm25_cache,1000,1310720
syn-466bce93c4ee97a9,bm25_cache,1000,1310720
syn-ea86488068c8be5d,bm25_cache,1000,1310720
syn-c93a303ba2cb0a5e,bm25_cache,1000,1310720
syn-39bd187f8d495145,bm25_cache,1000,1310720
syn-eacb4ffcbb2d86d7,bm25_cache,1000,1310720
syn-5b845e0d83ffe943,bm25_cache,1000,1310720
syn-67da6153707a7cf3,bm25_cache,1000,1310720
syn-208a5f0e612e75dc,bm25_cache,1000,1310720
syn-3f0a998814cff481,bm25_cache,1000,1310720
syn-bbf2766c5553d357,bm25_cache,1000,1310720
syn-28c5f4952dec1158,bm25_cache,1000,1310720
syn-f0710eb347d7f49f,bm25_cache,1000,1310720
syn-fae97a6c6007ca4b,bm25_cache,1000,1310720
syn-26da2551ebdb99b0,bm25_cache,1000,1310720
syn-d6a3c849308efc93,bm25_cache,1000,1310720
syn-5e831158aecf073c,bm25_cache,1000,1310720
syn-0df1020fb1cfac7b,bm25_cache,1000,1310720
syn-14895e28ff83d627,bm25_cache,1000,1310720
syn-280893883faff475,bm25_cache,1000,1310720
syn-64c9f4524a637e29,bm25_cache,1000,1310720
syn-a059274c871b0476,bm25_cache,1000,1310720
syn-62d3ee9ce3d7c7ac,bm25_cache,1000,1310720
syn-a3ab9227eebf5a53,bm25_cache,1000,1310720
syn-eae30fdc794e4b34,bm25_cache,1000,1310720
syn-48ca6ad89fc59895,bm25_cache,1000,1310720
syn-500f7069b993394b,bm25_cache,1000,1310720
syn-9b96067dc9ef5446,bm25_cache,1000,1310720
syn-7a3b2bb542adde01,bm25_cache,1000,1310720
syn-f7c0ebbe60722761,bm25_cache,1000,1310720
syn-dac579b4ce47aca7,bm25_cache,1000,1310720
syn-bcbefb9be90d6a25,bm25_cache,1000,1310720
syn-2695661d1bea2959,bm25_cache,1000,1310720
syn-1b898866130111e0,bm25_cache,1000,1310720
syn-1a1996e4100eeaad,bm25_cache,1000,1310720
syn-8d77e003873ed40a,bm25_cache,1000,1310720
syn-cdc296dc9c776cdb,bm25_cache,1000,1310720
syn-8327f78363600d81,bm25_cache,1000,1310720
syn-5e6ee2f73290048f,bm25_cache,1000,1310720
syn-23e8742860b2a62a,bm25_cache,1000,1310720
syn-f04d6c7f370e4a29,bm25_cache,1000,1310720
syn-b80b2e97a4db7a97,bm25_cache,1000,1310720
syn-ba2a7ef9baa4b877,bm25_cache,1000,1310720
syn-71222cfc29e9341b,bm25_cache,1000,1310720
syn-c28e151e0a17cca4,bm25_cache,1000,1310720
syn-f146e261fff2b363,bm25_cache,1000,1310720
syn-bcc90fb9386303b5,bm25_cache,1000,1310720
syn-543acec00104d069,bm25_cache,1000,1310720
syn-a777a0449ca3fb5f,bm25_cache,1000,1310720
syn-c06a91abc63c98c7,bm25_cache,1000,1310720
syn-b99931850336a20f,bm25_cache,1000,1310720
syn-59385e24e872000c,bm25_cache,1000,1310720
syn-0892a57b654e40e8,bm25_cache,1000,1310720
syn-fb34245e0892cc7a,bm25_cache,1000,1310720
syn-b08ae709b1c9d822,bm25_cache,1000,1310720
syn-e2db30e7d5c4dde6,bm25_cache,1000,1310720
syn-dd60639750ea62b4,bm25_cache,1000,1310720
syn-cbaa4569873ac834,bm25_cache,1000,1310720
syn-520903a645d5ecfb,bm25_cache,1000,1310720
syn-5e9fd87a5016cddd,bm25_cache,1000,1310720
syn-f1b52658363e3b92,bm25_cache,1000,1310720
syn-18b9d6ac9e7049fb,bm25_cache,1000,1310720
syn-008384cdd30eea44,bm25_cache,1000,1310720
syn-ab404be3043d317f,bm25_cache,1000,1310720
syn-172454acf1cf66e2,bm25_cache,1000,1310720
syn-27d81a44d9d7eb1d,bm25_cache,1000,1310720
syn-d07f7ebc6d1de23b,bm25_cache,1000,1310720
syn-a2663843442b6cc3,bm25_cache,1000,1310720
syn-1cdee48c3989dff6,bm25_cache,1000,1310720
syn-c3e03635fe54efbb,bm25_cache,1000,1310720
syn-f145453cd704f938,bm25_cache,1000,1310720
syn-19a39e333ceb7176,bm25_cache,1000,1310720
syn-b2af4633bfb40235,bm25_cache,1000,1310720
syn-2c55a3011f2a0d9a,bm25_cache,1000,1310720
syn-01c5f8e95e41a7a5,bm25_cache,1000,1310720
syn-791e007bcf48f98c,bm25_cache,1000,1310720
syn-259b9d737befeb57,bm25_cache,1000,1310720
syn-54b5a6194fc6fd8e,bm25_cache,1000,1310720
syn-8f4277d9948d448f,bm25_cache,1000,1310720
syn-e049688b82633c17,bm25_cache,1000,1310720
syn-50f7efbbd3b49e8b,bm25_cache,1000,1310720
syn-99e12498445b1b0e,bm25_cache,1000,1310720
syn-4af231d1b0ca07c3,bm25_cache,1000,1310720
syn-cf0443c64c602685,bm25_cache,1000,1310720
syn-0aa6427cb87ebeec,bm25_cache,1000,1310720
syn-64d492d82aa73da9,bm25_cache,1000,1310720
syn-a88929ba4de8e497,bm25_cache,1000,1310720
syn-82a7fca2c31d20c0,bm25_cache,1000,1310720
syn-9c7c1e30084b964c,bm25_cache,1000,1310720
syn-2ca355b2ac8634a8,bm25_cache,1000,1310720
syn-aa93861de0aaf495,bm25_cache,5000,1310720
syn-1992f86a3e86fc6a,bm25_cache,5000,1310720
syn-04083234f85709e1,bm25_cache,5000,1310720
syn-cb01db0eb7a2edd2,bm25_cache,5000,1310720
syn-621d2f30954c345e,bm25_cache,5000,1310720
syn-283fe4a44583ec8e,bm25_cache,5000,1310720
syn-e1d8ea4b52f7b86c,bm25_cache,5000,1310720
syn-b277d625d17584f5,bm25_cache,5000,1310720
syn-feae35cacba6a43a,bm25_cache,5000,1310720
syn-1c7e5d6f21986a25,bm25_cache,5000,1310720
syn-834533c926250190,bm25_cache,5000,1310720
syn-0a63273f5477a591,bm25_cache,5000,1310720
syn-52610bf62333d9cb,bm25_cache,5000,1310720
syn-821964f5a271aa9e,bm25_cache,5000,1310720
syn-084b033a28301180,bm25_cache,5000,1310720
syn-bb91366853342eae,bm25_cache,5000,1310720
syn-c70d6c456e1f3caf,bm25_cache,5000,1310720
syn-4b7b4e4e7cda9cdd,bm25_cache,5000,1310720
syn-05a3818e49a3d01c,bm25_cache,5000,1310720
syn-45a189501aa64aff,bm25_cache,5000,1310720
syn-8e55dab6334193ac,bm25_cache,5000,1310720
syn-7078daef9fc885d5,bm25_cache,5000,1310720
syn-30a8cdce438a3478,bm25_cache,5000,1310720
syn-c8ec446f9f1407cc,bm25_cache,5000,1310720
syn-1eea891acae77cae,bm25_cache,5000,1310720
syn-41f888c23d96d157,bm25_cache,5000,1310720
syn-f845857e039afa6c,bm25_cache,5000,1310720
syn-ac6dfe3b37e5a013,bm25_cache,5000,1310720
syn-15dd01e778ff5a78,bm25_cache,5000,1310720
syn-87378b8e75e2dd6a,bm25_cache,5000,1310720
syn-061b3d97b8960738,bm25_cache,5000,1310720
syn-490b8d010f4490c5,bm25_cache,5000,1310720
syn-fe76d6c8fe9751ff,bm25_cache,5000,1310720
syn-00a89a4a45a4d877,bm25_cache,5000,1310720
syn-4732a0f163a6f5e5,bm25_cache,5000,1310720
syn-81ea53ade157ad42,bm25_cache,5000,1310720
syn-3a0dace1bee727c3,bm25_cache,5000,1310720
syn-3d3cb10c80061638,bm25_cache,5000,1310720
syn-2a09864e418663ff,bm25_cache,5000,1310720
syn-ec6ef79969cd8dc7,bm25_cache,5000,1310720
syn-f77621b915dd593f,bm25_cache,5000,1310720
syn-151c38901bd6a67f,bm25_cache,5000,1310720
syn-db951997c8dd6571,bm25_cache,5000,1310720
syn-8b89503a51b386ea,bm25_cache,5000,1310720
syn-63205549e97719a8,bm25_cache,5000,1310720
syn-c748ba52ac994805,bm25_cache,5000,1310720
syn-905cd0149f85c44d,bm25_cache,5000,1310720
syn-c1e6d9a8d1426ccd,bm25_cache,5000,1310720
syn-5a60149bb7d0d331,bm25_cache,5000,1310720
syn-085b48c1c01765d8,bm25_cache,5000,1310720
syn-983ee8cd7cfab2b2,bm25_cache,5000,1310720
syn-62914c9ecfadb05c,bm25_cache,5000,1310720
syn-d33602a2444f791a,bm25_cache,5000,1310720
syn-84c0416f23825ae8,bm25_cache,5000,1310720
syn-91feb287d382e59b,bm25_cache,5000,1310720
syn-0238640a9f4d82ca,bm25_cache,5000,1310720
syn-63b0f61512efcc7b,bm25_cache,5000,1310720
syn-7b60a34c510e7d77,bm25_cache,5000,1310720
syn-aef5fcb957e2b2ae,bm25_cache,5000,1310720
syn-89e193275b5f85b9,bm25_cache,5000,1310720
syn-723cfc0a3cdbbe70,bm25_cache,5000,1310720
syn-b497e7cf4d12d853,bm25_cache,5000,1310720
syn-cab61fd9ea43be50,bm25_cache,5000,1310720
syn-d2adedac796b42a4,bm25_cache,5000,1310720
syn-81c6eeb87fa8b65a,bm25_cache,5000,1310720
syn-a34560479904d293,bm25_cache,5000,1310720
syn-175fb0b9c9912f1d,bm25_cache,5000,1310720
syn-da09d28e9f3d5d8d,bm25_cache,5000,1310720
syn-ba4fd9131d17eb5c,bm25_cache,5000,1310720
syn-68ead23b13d3ca2c,bm25_cache,5000,1310720
syn-6e554c5058644670,bm25_cache,5000,1310720
syn-25700fcf3ed93c36,bm25_cache,5000,1310720
syn-a5ee09e7314def43,bm25_cache,5000,1310720
syn-2b6abd30a60a5e04,bm25_cache,5000,1310720
syn-8dfeb642ddbee07c,bm25_cache,5000,1310720
syn-eb06dec63064b043,bm25_cache,5000,1310720
syn-0488d9fbd767427e,bm25_cache,5000,1310720
syn-ed2d05fab8ac8fe4,bm25_cache,5000,1310720
syn-8f9f957317f7d25c,bm25_cache,5000,1310720
syn-501740773c0e41a8,bm25_cache,5000,1310720
syn-7e7b412841f6c1f7,bm25_cache,5000,1310720
syn-2318f08daa17b1d9,bm25_cache,5000,1310720
syn-444440373a79774e,bm25_cache,5000,1310720
syn-c09d16bc1d1a2e55,bm25_cache,5000,1310720
syn-41397c03bd43fa20,bm25_cache,5000,1310720
syn-2f881f63e4a9ee5b,bm25_cache,5000,1310720
syn-5f5e815c982ee27e,bm25_cache,5000,1310720
syn-9d71ed841863197e,bm25_cache,5000,1310720
syn-7fdfd00ab52cb0a4,bm25_cache,5000,1310720
syn-ad6a49391bbc7ec8,bm25_cache,5000,1310720
syn-1b1c065cb1f625b9,bm25_cache,5000,1310720
syn-b6a49a33030fa3f8,bm25_cache,5000,1310720
syn-a8d2f52e7f079d88,bm25_cache,5000,1310720
syn-4c3b3bb15e85d708,bm25_cache,5000,1310720
syn-5711ba27a03e1d37,bm25_cache,5000,1310720
syn-0524cfaed31c16ea,bm25_cache,5000,1310720
syn-e15762ae99c08a2e,bm25_cache,5000,1310720
syn-d1c2ea5489a8c93f,bm25_cache,5000,1310720
syn-fecb508b9a8cd0d7,bm25_cache,5000,1310720
syn-c3610b2dfdf17488,bm25_cache,5000,1310720
syn-d387b7117ab37cfe,bm25_cache,5000,1310720
syn-8d9d118f41b1a227,bm25_cache,5000,1310720
syn-ff0767eb4ac46b9f,bm25_cache,5000,1310720
syn-1d16ca78cf5f285e,bm25_cache,5000,1310720
syn-9195cade3f4252b5,bm25_cache,5000,1310720
syn-359afa05afb48b2c,bm25_cache,5000,1310720
syn-6b61ed0aca632b5c,bm25_cache,5000,1310720
syn-0adb661c494753d6,bm25_cache,5000,1310720
syn-6927e3c74ff525fb,bm25_cache,5000,1310720
syn-0a18b81ca32a8ca7,bm25_cache,5000,1310720
syn-0c1d110466abf51c,bm25_cache,5000,1310720
syn-97d2d586514f8cca,bm25_cache,5000,1310720
syn-6f7e2eb87f7f3302,bm25_cache,5000,1310720
syn-fea661b4b15b0e74,bm25_cache,5000,1310720
syn-fe239bde6ca96941,bm25_cache,5000,1310720
syn-9912a67973413584,bm25_cache,5000,1310720
syn-196bc61cd9f71b17,bm25_cache,5000,1310720
syn-58d280179ba06842,bm25_cache,5000,1310720
syn-92401515ca3d9d95,bm25_cache,5000,1310720
syn-346cd6a91974029e,bm25_cache,5000,1310720
syn-d61561dea81b4354,bm25_cache,5000,1310720
syn-63ea34aca9f01719,bm25_cache,5000,1310720
syn-e84106f112541156,bm25_cache,5000,1310720
syn-6efde579ff231d80,bm25_cache,5000,1310720
syn-0d04f3e770c59888,bm25_cache,5000,1310720
syn-43d0843223dd74b3,bm25_cache,5000,1310720
syn-53cc44bad0b99782,bm25_cache,5000,1310720
syn-68d50118e4b184cf,bm25_cache,5000,1310720
syn-c909e6f301674d74,bm25_cache,5000,1310720
syn-b15708cedb31ffb2,bm25_cache,5000,1310720
syn-beb9b27d8478562e,bm25_cache,5000,1310720
syn-a4fa3217b0299eb9,bm25_cache,5000,1310720
syn-5d93fdd68c7b9336,bm25_cache,5000,1310720
syn-b4e07914bae9b1c7,bm25_cache,5000,1310720
syn-a122df2c9c14fdfd,bm25_cache,5000,1310720
syn-1679b733dc99bd02,bm25_cache,5000,1310720
syn-0644357cd6e5c8fb,bm25_cache,5000,1310720
syn-01a1d9a589e21fc8,bm25_cache,5000,1310720
syn-fe7bdb4996e9bd80,bm25_cache,5000,1310720
syn-e7494dd18cf451d4,bm25_cache,5000,1310720
syn-bcd904aadce2351d,bm25_cache,5000,1310720
syn-9490279b808fab68,bm25_cache,5000,1310720
syn-a2c82421fafdb0f4,bm25_cache,5000,1310720
syn-36ff68425e3d3176,bm25_cache,5000,1310720
syn-707216e7a24847b3,bm25_cache,5000,1310720
syn-c502f85d01f649e4,bm25_cache,5000,1310720
syn-939e6166b3b0c850,bm25_cache,5000,1310720
syn-34fc56e181bfc98e,bm25_cache,5000,1310720
syn-d27aaf9556c73b9d,bm25_cache,5000,1310720
syn-99bc78b27a981c11,bm25_cache,5000,1310720
