example_id,agent,horizon,update_ms,read_ms,generation_ms,end_to_end_ms,model_loading_policy
syn-64d7e0174f62e547-cuefree,chalm,1000,839.6038999926532,16.74500000081025,827.0927999983542,1683.4416999918176,one shared preloaded model
syn-4e589476da377ca6-cuefree,chalm,1000,663.1942000094568,11.083699995651841,195.05349999235477,869.3313999974634,one shared preloaded model
syn-f3716c206a95faac-cuefree,chalm,1000,718.8791999942623,14.479300007224083,687.4217000004137,1420.7802000019,one shared preloaded model
syn-f0874d92cc59f597-cuefree,chalm,1000,806.330599996727,14.564299999619834,622.4922999972478,1443.3871999935945,one shared preloaded model
syn-ad39c1e6a90dc34a-cuefree,chalm,1000,703.2394999987446,10.705500011681579,233.7827000010293,947.7277000114555,one shared preloaded model
syn-1ca7c3ca32921822-cuefree,chalm,1000,745.1402000006055,14.484400002402253,305.85879999853205,1065.4834000015398,one shared preloaded model
syn-17eb2388779556ee-cuefree,chalm,1000,735.8349999994971,14.97390000440646,167.45930000615772,918.2682000100613,one shared preloaded model
syn-c9c2612042f12207-cuefree,chalm,1000,697.9305999993812,14.691899996250868,320.62449998920783,1033.24699998484,one shared preloaded model
syn-3d0ac357ac736d24-cuefree,chalm,1000,723.9052000077209,14.476899988949299,462.92689999972936,1201.3089999963995,one shared preloaded model
syn-3742489ab8f15470-cuefree,chalm,1000,726.6492999915499,10.651599994162098,232.6267999887932,969.9276999745052,one shared preloaded model
syn-10523c271c441f97-cuefree,chalm,1000,725.0273000099696,14.426800000364892,285.03459999046754,1024.488700000802,one shared preloaded model
syn-4530998655a36930-cuefree,chalm,1000,681.8269999930635,9.015100004035048,291.84130000066943,982.683399997768,one shared preloaded model
syn-1c4e873629998a82-cuefree,chalm,1000,715.5670000065584,14.774499999475665,310.9732000011718,1041.3147000072058,one shared preloaded model
syn-c35dd257ed4905fa-cuefree,chalm,1000,710.3696999984095,11.01800000469666,286.0855999897467,1007.4732999928528,one shared preloaded model
syn-ef0ea80df7ab7610-cuefree,chalm,1000,709.4580999983009,14.368599993758835,999.2968000005931,1723.1234999926528,one shared preloaded model
syn-6690b5aeb7d47475-cuefree,chalm,1000,739.9265999993077,14.723700005561113,293.3970000012778,1048.0473000061465,one shared preloaded model
syn-18b175a182f0df18-cuefree,chalm,1000,718.9330999972299,14.587599987862632,137.96069999807514,871.4813999831676,one shared preloaded model
syn-e0d51901d0f5b5b8-cuefree,chalm,1000,673.9043999987189,15.10499999858439,310.66859999555163,999.6779999928549,one shared preloaded model
syn-9b3792e76618737c-cuefree,chalm,1000,782.4477999965893,14.653300007921644,468.8560999929905,1265.9571999975014,one shared preloaded model
syn-3748fc148bf2622f-cuefree,chalm,1000,685.2322000049753,14.503400001558475,1572.4926999973832,2272.228300003917,one shared preloaded model
syn-e3d8db93f0637e3e-cuefree,chalm,1000,730.0110000069253,11.48599998850841,274.967999997898,1016.4649999933317,one shared preloaded model
syn-1867e0e3c3719470-cuefree,chalm,1000,734.0169999952195,9.192299999995157,270.39659999718424,1013.6058999923989,one shared preloaded model
syn-7d14722ba7ae7c57-cuefree,chalm,1000,711.624200004735,10.14680000662338,1317.6793999882648,2039.4503999996232,one shared preloaded model
syn-e47c103f91edc0ec-cuefree,chalm,1000,660.9845000057248,10.748400003649294,1173.6537999968277,1845.3867000062019,one shared preloaded model
syn-f6825c0a97c0cc66-cuefree,chalm,1000,699.1430999914883,9.7068000031868,286.70310000597965,995.5530000006547,one shared preloaded model
syn-f665c1b45c973f9a-cuefree,chalm,1000,730.9950000053504,10.552899999311194,289.40209999564104,1030.9500000003027,one shared preloaded model
syn-2b9522be5ae9d37c-cuefree,chalm,1000,740.9160999959568,9.134799998719245,388.7110999930883,1138.7619999877643,one shared preloaded model
syn-62ba612ec1f74341-cuefree,chalm,1000,696.2780000030762,9.502700006123632,267.50539999920875,973.2861000084085,one shared preloaded model
syn-757384914f863b7a-cuefree,chalm,1000,637.7234999963548,11.055299997678958,504.18800000625197,1152.9668000002857,one shared preloaded model
syn-1ccc5b3e2f033f9d-cuefree,chalm,1000,732.6115000032587,10.280300004524179,308.29900001117494,1051.1908000189578,one shared preloaded model
syn-1c58689a699e4311-cuefree,chalm,1000,649.6902000071714,14.24129999941215,555.4215000011027,1219.3530000076862,one shared preloaded model
syn-953d5a111b7a8968-cuefree,chalm,1000,724.4568999885814,8.827800003928132,277.97879998979624,1011.2634999823058,one shared preloaded model
syn-7ea4650ad829b7cd-cuefree,chalm,1000,742.8458000067621,14.119400002527982,781.6674999921815,1538.6327000014717,one shared preloaded model
syn-824c4019519d53f4-cuefree,chalm,1000,720.130000001518,10.598799999570474,1581.4048000029288,2312.1336000040174,one shared preloaded model
syn-417c2a5538455deb-cuefree,chalm,1000,700.8761000033701,14.646399999037385,417.9786000022432,1133.5011000046507,one shared preloaded model
syn-63ac5c001e3d1b00-cuefree,chalm,1000,746.4744000026258,13.776499996311031,308.59710001095664,1068.8480000098934,one shared preloaded model
syn-db075c6f66e7f9fa-cuefree,chalm,1000,716.6024000034668,14.571499996236525,175.20969999895897,906.3835999986622,one shared preloaded model
syn-a4fb46626c3609cc-cuefree,chalm,1000,715.086500000325,10.910999990301207,341.6118000022834,1067.6092999929097,one shared preloaded model
syn-c6ddfab25d63327d-cuefree,chalm,1000,717.7663000038592,14.4538000022294,485.8567000046605,1218.0768000107491,one shared preloaded model
syn-ad99554ab0c1f129-cuefree,chalm,1000,752.6186000031885,9.504500005277805,280.06280001136474,1042.185900019831,one shared preloaded model
syn-f38282dbb7950711-cuefree,chalm,1000,670.2181000000564,10.148100001970306,552.8137999936007,1233.1799999956274,one shared preloaded model
syn-bda3945e02dbabb1-cuefree,chalm,1000,717.3294999956852,9.062999990419485,323.7068000016734,1050.099299987778,one shared preloaded model
syn-a8a4226f41b26323-cuefree,chalm,1000,677.2592999914195,14.49750000028871,1331.1077999969712,2022.8645999886794,one shared preloaded model
syn-a63f29d135843233-cuefree,chalm,1000,662.5268999923719,14.376900013303384,301.8768000038108,978.7806000094861,one shared preloaded model
syn-fa65a3e9be183392-cuefree,chalm,1000,704.5811999996658,11.14899999811314,1006.031199998688,1721.761399996467,one shared preloaded model
syn-d0f5075dc2165ee1-cuefree,chalm,1000,734.9530000064988,9.494900004938245,308.1963999866275,1052.6442999980645,one shared preloaded model
syn-f3f3c52fddbc055d-cuefree,chalm,1000,670.3211999993073,9.139599991613068,172.97319999488536,852.4339999858057,one shared preloaded model
syn-aa34237525453142-cuefree,chalm,1000,721.6907999973046,10.944800000288524,278.5108000098262,1011.1464000074193,one shared preloaded model
syn-02dfcf7592547872-cuefree,chalm,1000,722.5883000064641,14.683200002764352,488.9416999940295,1226.213200003258,one shared preloaded model
syn-761be3e3023ef503-cuefree,chalm,1000,723.321900004521,13.454800006002188,269.12759999686386,1005.9043000073871,one shared preloaded model
syn-7cfc52e2fefff869-cuefree,chalm,5000,3468.8157999917166,13.695999994524755,307.30479999328963,3789.816599979531,one shared preloaded model
syn-7ed89ee338c2baae-cuefree,chalm,5000,3426.437000001897,14.50479999766685,319.7527999873273,3760.6945999868913,one shared preloaded model
syn-f7aa6070fe05b69e-cuefree,chalm,5000,3446.400500004529,14.206599997123703,290.97810000530444,3751.585200006957,one shared preloaded model
syn-44c5ee3272e80e85-cuefree,chalm,5000,3409.774200001266,12.66689998738002,301.7651999980444,3724.2062999866903,one shared preloaded model
syn-45ef60d7b20398a1-cuefree,chalm,5000,3439.4089999987045,13.824099994963035,244.4821000099182,3697.715200003586,one shared preloaded model
syn-e95ca15b27885cf3-cuefree,chalm,5000,3483.2323000009637,11.590000009164214,326.6155000019353,3821.4378000120632,one shared preloaded model
syn-bef31d57b3f3a636-cuefree,chalm,5000,3319.0800000011222,14.905500007444061,141.4126000017859,3475.398100010352,one shared preloaded model
syn-5b6437f25fa7b377-cuefree,chalm,5000,3415.8461000042735,11.227900002268143,307.4524000112433,3734.526400017785,one shared preloaded model
syn-d9343cc50784b112-cuefree,chalm,5000,3478.5889999911888,10.849400001461618,439.3394999933662,3928.7778999860166,one shared preloaded model
syn-f76dc8f62777c380-cuefree,chalm,5000,3479.2656999925384,9.82829999702517,300.16210000030696,3789.2560999898706,one shared preloaded model
syn-3e69c986de52e554-cuefree,chalm,5000,3438.4473000100115,14.789099994231947,304.56010000489186,3757.7965000091353,one shared preloaded model
syn-abc443874e3cbcc8-cuefree,chalm,5000,3335.522100009257,10.634700010996312,278.6056000040844,3624.7624000243377,one shared preloaded model
syn-dc03b9c9604c3466-cuefree,chalm,5000,3470.105100001092,14.958600004320033,287.0623000053456,3772.1260000107577,one shared preloaded model
syn-d2881eb32ee7dce9-cuefree,chalm,5000,3438.235599998734,10.821099989698268,313.10739999753423,3762.1640999859665,one shared preloaded model
syn-7ac00f53df7b09ec-cuefree,chalm,5000,3559.7866000025533,12.297699999180622,1135.7624000083888,4707.846700010123,one shared preloaded model
syn-491941db367ba49a-cuefree,chalm,5000,3424.0158000029624,10.823699994944036,337.8264999919338,3772.66599998984,one shared preloaded model
syn-9dfd120230fb4447-cuefree,chalm,5000,3321.864000012283,14.833599998382851,176.28460000560153,3512.9822000162676,one shared preloaded model
syn-ee762dd38613f0eb-cuefree,chalm,5000,3389.7988999960944,15.2902000118047,319.1017000062857,3724.190800014185,one shared preloaded model
syn-184066c677c61650-cuefree,chalm,5000,3411.9439000060083,14.811900007771328,447.45370000600815,3874.209500019788,one shared preloaded model
syn-97ac18ebf1429fcc-cuefree,chalm,5000,3377.890899995691,9.610900000552647,337.46169999358244,3724.9634999898262,one shared preloaded model
syn-085e6fbcde58b207-cuefree,chalm,5000,3329.350100000738,14.617599998018704,284.32839999732096,3628.296099996078,one shared preloaded model
syn-0c1d9855c97af91b-cuefree,chalm,5000,3381.671000010101,10.81710000289604,295.7936000020709,3688.281700015068,one shared preloaded model
syn-dd066d08a68d9e75-cuefree,chalm,5000,3400.2851999975974,14.937999992980622,276.0559000016656,3691.2790999922436,one shared preloaded model
syn-88a1b38c931005ee-cuefree,chalm,5000,3449.9541000113823,10.548499994911253,294.0378000057535,3754.540400012047,one shared preloaded model
syn-e9fb7fcede095653-cuefree,chalm,5000,3380.151199991815,14.735000004293397,997.9944000078831,4392.880600003991,one shared preloaded model
syn-572b1c93ac215052-cuefree,chalm,5000,3383.588400000008,10.879499997827224,301.4295999892056,3695.8974999870406,one shared preloaded model
syn-0b5bbdf52c092b80-cuefree,chalm,5000,3310.5129999894416,12.137599987909198,117.18050000490621,3439.831099982257,one shared preloaded model
syn-e3a03e4fc1e3679e-cuefree,chalm,5000,3500.505999996676,11.219799998798408,235.6895999982953,3747.41539999377,one shared preloaded model
syn-3caf73f6be3623fe-cuefree,chalm,5000,3395.7516999944346,10.460600009537302,308.3135000051698,3714.5258000091417,one shared preloaded model
syn-ed0c0be9ddfe4d38-cuefree,chalm,5000,3485.0417999987258,14.89229999424424,286.79149999516085,3786.725599988131,one shared preloaded model
syn-c2e84effcaf6e13c-cuefree,chalm,5000,3328.9918000082253,10.510100008104928,299.9530000088271,3639.4549000251573,one shared preloaded model
syn-81a32e6b7d1151f1-cuefree,chalm,5000,3439.609900000505,10.80099999671802,296.97830000077374,3747.389199997997,one shared preloaded model
syn-5471fab742e7c658-cuefree,chalm,5000,3362.8667000011774,10.728699999162927,307.5647000077879,3681.160100008128,one shared preloaded model
syn-ac134a613ac93ccb-cuefree,chalm,5000,3549.7592000028817,10.539800001424737,306.90699999104254,3867.205999995349,one shared preloaded model
syn-73e8dad0456ff636-cuefree,chalm,5000,3523.997700001928,14.696800004458055,242.61480000859592,3781.309300014982,one shared preloaded model
syn-c44f57cdb0635698-cuefree,chalm,5000,3429.23530000553,9.25200000347104,303.96059999475256,3742.4479000037536,one shared preloaded model
syn-97121d3284eb327b-cuefree,chalm,5000,3434.0826999978162,15.571500000078231,152.27320000121836,3601.927399999113,one shared preloaded model
syn-72c231f5c36b0a82-cuefree,chalm,5000,3571.6316000034567,12.255599998752587,295.8714999986114,3879.7587000008207,one shared preloaded model
syn-15208a3cb0e88f74-cuefree,chalm,5000,3416.661399998702,14.771300004213117,450.9576999989804,3882.3904000018956,one shared preloaded model
syn-6fd68b973acd9fa6-cuefree,chalm,5000,3485.546299998532,9.118300004047342,309.00400000973605,3803.6686000123154,one shared preloaded model
syn-910ecad3da43179f-cuefree,chalm,5000,3300.7246000051964,14.666900009615347,296.10379999212455,3611.4953000069363,one shared preloaded model
syn-1905bb633d819e65-cuefree,chalm,5000,3362.7667000109795,11.85799999802839,323.4140999993542,3698.038800008362,one shared preloaded model
syn-feb3bd30432e1619-cuefree,chalm,5000,3373.8734999933513,9.055299989995547,258.9445000048727,3641.8732999882195,one shared preloaded model
syn-9aeb696febf3cf38-cuefree,chalm,5000,3437.4796000047354,9.282500002882443,303.0126000085147,3749.7747000161326,one shared preloaded model
syn-367f74c39dec31a4-cuefree,chalm,5000,3527.017700005672,10.874300001887605,1046.680399987963,4584.572399995523,one shared preloaded model
syn-601ac24ca303d9c4-cuefree,chalm,5000,3467.4807999981567,9.996699998737313,308.6522999947192,3786.1297999916133,one shared preloaded model
syn-4d0b34ee3d1c08f2-cuefree,chalm,5000,3363.6058999982197,14.712899996084161,105.5975000053877,3483.9162999996915,one shared preloaded model
syn-039fd7c5756e356c-cuefree,chalm,5000,3437.4602000025334,11.004299987689592,288.74679999717046,3737.2112999873934,one shared preloaded model
syn-af2b9b20ebd727ab-cuefree,chalm,5000,3331.992099992931,13.771199999609962,509.50850000663195,3855.271799999173,one shared preloaded model
syn-e4f21b03cc5cefd6-cuefree,chalm,5000,3564.909399996395,10.784600002807565,320.41559999925084,3896.1095999984536,one shared preloaded model
